TOR_F_SCALE,BEGIN_LAT,BEGIN_LON
F2,46.45,-97.783
F2,47.69,-97.25
F2,45.06,-101.33
F2,38.3505,-90.3498
F2,34.114,-94.037
F2,43.44,-95.951
F2,42.2938,-79.586
F2,28.0499,-97.1254
F2,34.0426,-83.9505
F2,38.3399,-90.8899
F2,36.9407,-90.8514
F2,44.7705,-92.5756
F2,44.7611,-92.3459
F2,44.8398,-122.8789
F2,35.5635,-99.4618
F2,41.8172,-85.6873
F2,33.44,-88.8299
F2,41.962,-86.092
F2,32.0868,-90.3663
F2,41.4879,-84.0131
F2,41.9792,-86.4982
F2,32.0123,-89.6019
F2,40.6382,-86.1844
F2,32.7151,-90.6259
F2,32.905,-89.719
F2,42.3307,-88.97
F2,36.8186,-90.523
F2,33.8767,-88.4628
F2,32.571,-95.8725
F2,32.0649,-95.6903
F2,35.9977,-94.5655
F2,36.1422,-94.361
F2,36.1603,-94.3355
F2,36.0999,-94.4211
F2,36.1216,-94.3905
F2,32.8464,-90.4195
F2,33.9932,-81.5013
F2,33.629,-82.042
F2,34.6638,-85.7544
F2,31.8343,-90.3799
F2,34.8164,-92.0757
F2,34.283,-79.907
F2,34.267,-80.029
F2,35.62,-84.14
F2,35.3549,-92.6427
F2,34.1036,-86.8062
F2,35.7175,-80.3754
F2,35.3969,-92.1422
F2,32.4952,-91.1177
F2,36.8855,-84.73
F2,36.5888,-88.9391
F2,37.0571,-87.5981
F2,32.5576,-90.9641
F2,40.8021,-94.2289
F2,36.1056,-103.1659
F2,32.662,-90.7373
F2,33.0802,-89.8241
F2,44.53,-102.12
F2,45.4381,-102.16
F2,45.169,-102.15
F2,35.9099,-101.4705
F2,42.9429,-99.9172
F2,35.7911,-87.6977
F2,35.8921,-87.5126
F2,43.3756,-99.8664
F2,32.2239,-88.9676
F2,32.2508,-88.9143
F2,33.6349,-88.6019
F2,35.5942,-95.9394
F2,35.9991,-95.7132
F2,34.4891,-89.5129
F2,41.18,-104.37
F2,34.4957,-92.4011
F2,34.153,-100.6636
F2,34.1814,-100.5201
F2,32.1575,-89.1141
F2,33.5302,-88.8531
F2,35.4028,-95.8673
F2,35.441,-95.814
F2,35.497,-95.7354
F2,36.2224,-95.7481
F2,35.118,-97.274
F2,34.254,-96.432
F2,36.046,-96.0297
F2,35.1184,-88.6892
F2,35.3833,-96.0266
F2,35.8088,-88.9066
F2,36.1679,-95.4397
F2,34.18,-97.512
F2,31.0092,-103.4347
F2,40.782,-89.9856
F2,35.3667,-88.3639
F2,40.7482,-89.385
F2,40.7457,-89.4
F2,40.801,-90.0919
F2,44.2717,-94.355
F2,44.0054,-94.0399
F2,45.6,-98.9
F2,44.34,-94.6602
F2,44.1001,-94.1394
F2,45.8636,-98.3108
F2,37.3,-102.94
F2,36.3571,-103.1445
F2,37.4997,-97.9898
F2,45.7301,-92.8733
F2,43.8481,-93.326
F2,43.5314,-93.7229
F2,37.0687,-102.6034
F2,45.448,-99.7479
F2,41.9663,-83.7692
F2,43.5129,-93.7331
F2,45.54,-99.01
F2,45.81,-108.48
F2,39.4067,-82.2509
F2,40.6327,-84.1668
F2,39.7594,-82.4025
F2,42.8647,-88.2004
F2,47.2,-97.9087
F2,32.7744,-96.879
F2,41.67,-75.37
F2,35.544,-81.482
F2,35.703,-81.158
F2,34.624,-85.8542
F2,40.7733,-81.9628
F2,41.309,-87.7393
F2,42.8683,-88.5041
F2,35.1216,-85.1925
F2,36.58,-78.88
F2,32.1949,-96.5548
F2,47.31,-97.78
F2,47.9,-97.3
F2,47.35,-97.62
F2,40.0238,-98.0802
F2,42.1606,-79.0162
F2,41.0876,-88.5213
F2,41.1045,-89.0723
F2,41.1289,-89.3142
F2,34.7,-86.6398
F2,43.8947,-93.0903
F2,46.2272,-90.63
F2,45.0356,-101.6126
F2,45.18,-108.69
F2,45.34,-105.55
F2,34.996,-111.878
F2,34.44,-111.3
F2,35.106,-111.839
F2,34.982,-111.927
F2,46.1819,-110.4442
F2,34.8256,-94.7248
F2,36.1618,-94.7352
F2,36.553,-94.9733
F2,36.465,-96.576
F2,33.865,-93.521
F2,36.1704,-94.6639
F2,30.2918,-89.7362
F2,31.6199,-93.6951
F2,39.4614,-89.6483
F2,42.5608,-94.9736
F2,42.5607,-94.9509
F2,46.8749,-96.8725
F2,42.4464,-79.42
F2,35.36,-85.39
F2,37.8592,-91.3555
F2,35.08,-84.95
F2,35.02,-85.37
F2,34.9854,-85.6377
F2,43.5006,-92.2469
F2,36.39,-81.99
F2,31.7079,-89.2473
F2,26.1228,-80.3292
F2,36.29,-82.7
F2,31.8093,-89.1098
F2,34.82,-81.18
F2,36.1302,-82.6302
F2,35.268,-84.663
F2,36.33,-82.635
F2,32.036,-93.9509
F2,38.9221,-88.9293
F2,38.7308,-89.9266
F2,38.9964,-88.8072
F2,40.5496,-84.5549
F2,38.444,-89.4215
F2,41.3737,-94.1356
F2,38.34,-87.0
F2,40.0233,-82.4741
F2,34.95,-77.01
F2,42.3217,-95.3969
F2,36.4523,-96.3937
F2,38.31,-87.26
F2,36.3735,-94.8743
F2,44.2578,-88.2881
F2,34.4683,-88.2808
F2,34.3616,-86.3712
F2,37.049,-80.803
F2,36.2102,-76.7827
F2,36.243,-76.7815
F2,34.8417,-78.6563
F2,34.5398,-78.7875
F2,44.0216,-89.9549
F2,36.2435,-76.7653
F2,34.5092,-95.5091
F2,38.654,-78.962
F2,35.2331,-86.417
F2,45.6386,-88.8233
F2,33.1663,-84.5806
F2,32.82,-84.85
F2,38.3244,-86.8761
F2,38.5958,-86.6819
F2,32.9684,-85.0301
F2,32.8533,-84.7242
F2,34.4009,-84.6534
F2,34.872,-92.1702
F2,34.0664,-85.419
F2,34.8924,-85.423
F2,37.2599,-88.9419
F2,38.7362,-78.8311
F2,34.6656,-83.9427
F2,38.1387,-87.6755
F2,38.1448,-87.6555
F2,38.1668,-87.623
F2,38.7456,-90.1859
F2,38.3605,-89.1238
F2,32.9297,-84.5268
F2,36.816,-81.725
F2,36.6383,-87.6149
F2,34.9309,-92.393
F2,34.4059,-85.7294
F2,37.555,-86.2394
F2,34.454,-93.3165
F2,34.5066,-93.302
F2,32.2846,-83.3234
F2,34.0801,-85.3457
F2,34.709,-83.8596
F2,36.8956,-87.618
F2,35.2975,-84.96
F2,36.9914,-94.061
F2,32.9012,-88.7666
F2,36.8347,-93.5013
F2,37.0524,-94.5932
F2,37.0544,-94.4105
F2,34.2463,-85.342
F2,37.0052,-94.1877
F2,32.9267,-88.6931
F2,35.96,-85.639
F2,31.72,-87.095
F2,32.008,-88.331
F2,40.4041,-76.5589
F2,31.708,-87.152
F2,38.1102,-87.3017
F2,40.1062,-76.9265
F2,31.877,-86.712
F2,37.9925,-88.134
F2,38.336,-87.3224
F2,38.34,-87.54
F2,32.1088,-94.0425
F2,37.5892,-87.8407
F2,37.6412,-87.6432
F2,32.2945,-93.6391
F2,38.6328,-86.4597
F2,32.3294,-93.5632
F2,38.35,-87.9475
F2,37.5331,-76.3528
F2,39.2476,-89.6611
F2,44.0429,-90.5657
F2,33.8411,-86.7884
F2,33.4367,-86.7622
F2,36.7529,-76.8396
F2,33.6473,-86.4153
F2,43.7882,-91.2585
F2,46.77,-96.87
F2,38.9618,-87.7422
F2,33.5338,-87.6666
F2,32.3077,-88.0159
F2,35.7631,-95.7423
F2,35.399,-93.8079
F2,44.1161,-90.3124
F2,32.9149,-88.3495
F2,32.3216,-87.9459
F2,32.4714,-87.5242
F2,35.942,-95.3754
F2,32.4359,-88.3288
F2,34.6452,-85.7692
F2,32.3882,-86.8329
F2,33.0297,-87.935
F2,33.8975,-86.9274
F2,32.6627,-87.7933
F2,41.7916,-92.206
F2,35.4,-86.2739
F2,36.5419,-78.8707
F2,40.911,-87.3088
F2,32.6937,-86.2032
F2,34.2275,-86.427
F2,36.7825,-79.0945
F2,33.3007,-88.1496
F2,32.6152,-88.0543
F2,32.5666,-87.2943
F2,33.2662,-91.52
F2,32.4312,-94.3534
F2,32.0988,-94.0643
F2,35.9185,-76.2233
F2,35.7699,-90.6161
F2,38.3268,-88.3021
F2,36.7835,-87.3969
F2,32.1146,-90.3112
F2,37.02,-88.98
F2,31.617,-93.119
F2,34.3128,-87.9215
F2,31.7515,-92.9682
F2,37.0728,-89.2284
F2,40.28,-79.74
F2,40.6521,-77.1909
F2,34.6494,-91.965
F2,34.996,-77.64
F2,30.5341,-87.761
F2,36.8802,-89.0328
F2,37.6097,-87.7713
F2,42.5556,-94.9744
F2,42.7105,-94.8144
F2,30.5607,-88.2169
F2,33.01,-90.91
F2,30.219,-92.3142
F2,35.5094,-84.0673
F2,30.2045,-102.4448
F2,32.697,-85.1173
F2,35.3094,-86.105
F2,35.35,-84.4
F2,44.281,-96.13
F2,46.11,-97.95
F2,38.1986,-85.7726
F2,40.8031,-97.9366
F2,38.1949,-85.5778
F2,40.8285,-97.7878
F2,39.5667,-99.8036
F2,46.401,-99.792
F2,39.796,-99.7207
F2,37.7473,-86.4204
F2,40.7278,-99.3941
F2,32.3633,-88.0894
F2,35.3347,-111.7056
F2,35.7321,-80.2103
F2,32.789,-88.241
F2,35.68,-88.1867
F2,35.0248,-88.2735
F2,39.598,-121.6208
F2,42.3746,-95.2424
F2,42.5191,-95.1291
F2,36.0871,-86.6163
F2,38.3493,-90.1548
F2,31.624,-87.258
F2,32.0925,-88.0451
F2,38.7277,-89.5972
F2,33.9176,-87.0472
F2,38.299,-86.9336
F2,35.6643,-88.237
F2,43.0664,-76.7855
F2,46.283,-101.916
F2,44.6875,-90.4707
F2,43.092,-76.712
F2,46.3154,-91.8745
F2,37.1725,-87.3822
F2,46.6299,-96.93
F2,35.2543,-78.672
F2,35.3346,-78.5275
F2,36.1616,-95.1082
F2,36.1075,-86.533
F2,38.153,-98.705
F2,36.4501,-79.002
F2,36.4152,-77.7031
F2,34.851,-78.6324
F2,34.7889,-83.6747
F2,34.9065,-78.5402
F2,35.658,-78.041
F2,46.6007,-96.94
F2,36.034,-97.163
F2,31.48,-87.684
F2,38.6619,-93.22
F2,31.8,-92.13
F2,36.5497,-87.8276
F2,32.7546,-86.1188
F2,32.7285,-87.6276
F2,32.2884,-87.738
F2,43.4091,-92.4933
F2,32.3089,-87.9304
F2,35.373,-97.131
F2,31.551,-88.282
F2,31.203,-86.86
F2,42.18,-76.7
F2,34.5929,-87.5486
F2,42.551,-75.773
F2,33.1359,-97.1911
F2,35.456,-93.7074
F2,33.1315,-84.0414
F2,46.95,-97.14
F2,42.3024,-79.5929
F2,36.1188,-86.4179
F2,38.7034,-89.7144
F2,41.0756,-98.9303
F2,43.7412,-91.4574
F2,33.5387,-90.5828
F2,33.1261,-89.7665
F2,32.0492,-90.3931
F2,32.0382,-90.4918
F2,33.0713,-89.9795
F2,33.0057,-89.8017
F2,33.4462,-89.3691
F2,33.6589,-89.0348
F2,32.8496,-88.4528
F2,33.35,-89.5853
F2,33.519,-89.2244
F2,33.2283,-89.8001
F2,31.8435,-92.0058
F2,32.67,-91.44
F2,33.3805,-89.454
F2,31.9099,-91.5102
F2,33.4166,-89.4349
F2,32.928,-88.4932
F2,32.704,-91.377
F2,32.6882,-88.9872
F2,32.0573,-88.3536
F2,38.5345,-99.4087
F2,38.5548,-99.3094
F2,38.5641,-99.2351
F2,37.0471,-99.0761
F2,37.872,-99.0224
F2,38.406,-98.257
F2,30.839,-89.341
F2,31.5157,-90.228
F2,32.8666,-85.9669
F2,38.4809,-102.4927
F2,32.9598,-85.5929
F2,32.7246,-86.5361
F2,38.12,-102.77
F2,38.612,-97.898
F2,37.9909,-102.7032
F2,38.0303,-102.6005
F2,35.0945,-84.2639
F2,35.3789,-88.708
F2,36.0887,-85.1102
F2,42.05,-105.1064
F2,36.9736,-89.43
F2,38.856,-98.854
F2,29.6992,-96.7935
F2,36.8872,-95.094
F2,41.1355,-91.67
F2,41.1633,-91.6201
F2,37.801,-82.6769
F2,32.2043,-86.6041
F2,30.67,-88.09
F2,38.7948,-95.9477
F2,35.351,-81.794
F2,31.7252,-86.1472
F2,38.0331,-88.3652
F2,34.329,-91.4269
F2,34.1925,-91.7274
F2,33.7998,-92.4902
F2,35.659,-81.485
F2,37.173,-88.7846
F2,37.2015,-87.1722
F2,38.7815,-95.9822
F2,34.8502,-86.5702
F2,34.7597,-86.9531
F2,37.5536,-93.1831
F2,33.3257,-87.6579
F2,33.3961,-87.444
F2,33.4354,-87.284
F2,36.6994,-93.9178
F2,36.6223,-93.46
F2,36.7045,-86.4118
F2,30.522,-96.4313
F2,37.1609,-88.9046
F2,31.36,-92.487
F2,31.3,-92.453
F2,33.7063,-81.3797
F2,33.8915,-85.0369
F2,30.9687,-89.1381
F2,37.5978,-89.2188
F2,30.9067,-89.2375
F2,32.0282,-102.3386
F2,31.618,-87.8672
F2,37.1439,-89.0991
F2,37.5,-89.73
F2,32.7685,-87.0179
F2,34.0797,-90.7148
F2,40.4923,-96.2579
F2,31.079,-89.7422
F2,33.8625,-92.3681
F2,32.7159,-87.2748
F2,31.008,-83.2517
F2,35.257,-80.687
F2,38.6333,-85.4328
F2,37.6199,-85.9034
F2,41.0303,-94.4712
F2,37.8326,-82.4039
F2,29.9746,-92.5181
F2,35.2672,-84.5871
F2,35.3681,-84.3061
F2,41.1745,-100.8688
F2,37.4707,-89.8623
F2,29.144,-98.942
F2,37.83,-86.6483
F2,38.273,-88.814
F2,37.4689,-89.9047
F2,32.0713,-90.904
F2,32.2918,-89.8404
F2,36.302,-85.4673
F2,32.1242,-90.893
F2,36.5827,-83.6789
F2,29.245,-98.761
F2,38.083,-87.8494
F2,37.4819,-86.1576
F2,41.7164,-97.6028
F2,37.5555,-89.5207
F2,37.63,-89.05
F2,37.11,-89.2
F2,37.3983,-90.5331
F2,35.264,-80.659
F2,37.5566,-85.7672
F2,35.1733,-85.0051
F2,37.5607,-85.7295
F2,37.1185,-85.0814
F2,37.8744,-83.3714
F2,36.2898,-85.4929
F2,43.1261,-83.4336
F2,37.1185,-84.9761
F2,27.95,-81.68
F2,36.6354,-93.3211
F2,42.9089,-90.995
F2,30.344,-88.553
F2,37.7451,-87.9085
F2,40.7514,-95.8194
F2,39.1996,-104.1995
F2,36.4075,-90.6526
F2,43.104,-103.83
F2,33.9672,-90.7018
F2,32.9887,-90.6564
F2,32.9946,-90.7006
F2,37.1954,-84.2114
F2,38.6,-84.89
F2,38.811,-83.5182
F2,32.6306,-97.2194
F2,32.5473,-96.8238
F2,32.8998,-96.2968
F2,39.072,-89.7264
F2,42.246,-98.092
F2,33.5069,-83.7465
F2,37.098,-88.8781
F2,37.1225,-88.4958
F2,38.4287,-88.1482
F2,39.834,-96.737
F2,38.419,-88.1483
F2,38.4892,-87.9229
F2,38.37,-88.53
F2,39.9445,-87.9026
F2,40.1273,-87.4585
F2,40.3485,-87.931
F2,34.149,-90.767
F2,40.5768,-89.6542
F2,40.1017,-87.5307
F2,37.7322,-87.7559
F2,39.8796,-88.1859
F2,40.3013,-86.9467
F2,41.6183,-83.4824
F2,37.1238,-88.436
F2,35.4858,-97.8511
F2,41.539,-83.568
F2,40.4639,-86.1266
F2,38.9965,-88.929
F2,34.463,-85.9917
F2,42.8519,-83.7734
F2,36.0282,-95.7616
F2,40.374,-98.014
F2,34.184,-89.9106
F2,42.0805,-96.3861
F2,48.3511,-105.6108
F2,40.6827,-96.4637
F2,35.7676,-87.6493
F2,47.3,-95.91
F2,42.1536,-96.3305
F2,47.32,-95.55
F2,37.6212,-85.7988
F2,42.1668,-90.15
F2,35.463,-96.789
F2,38.7541,-90.4899
F2,35.693,-97.232
F2,35.724,-97.154
F2,42.2642,-96.9618
F2,42.2148,-96.2827
F2,36.68,-87.56
F2,36.4389,-86.9095
F2,37.0595,-87.0544
F2,36.2208,-86.5461
F2,35.6332,-94.4718
F2,37.8424,-88.6174
F2,32.73,-91.57
F2,36.4918,-94.7809
F2,36.0054,-92.0971
F2,38.7608,-90.4297
F2,37.0272,-86.241
F2,33.1437,-84.6765
F2,33.1004,-84.523
F2,31.1091,-89.9209
F2,31.209,-89.663
F2,31.4481,-89.8583
F2,34.2678,-86.1076
F2,37.5797,-97.5061
F2,34.4051,-94.4642
F2,40.1798,-96.9171
F2,32.5327,-85.7365
F2,33.4805,-102.561
F2,34.2933,-93.4795
F2,42.8454,-74.1921
F2,34.6017,-93.8294
F2,36.8129,-94.8461
F2,37.2784,-88.3739
F2,36.76,-90.26
F2,40.926,-89.0363
F2,42.8246,-93.4745
F2,40.9768,-88.9308
F2,41.2372,-88.3033
F2,41.4093,-87.9312
F2,40.3787,-86.2808
F2,40.3263,-86.3946
F2,38.5374,-87.6121
F2,40.1163,-87.2456
F2,38.642,-87.2224
F2,33.555,-91.232
F2,40.2087,-87.0922
F2,40.2147,-87.0843
F2,40.0176,-86.534
F2,34.907,-90.559
F2,31.398,-91.29
F2,44.383,-88.774
F2,36.7332,-89.85
F2,34.697,-76.774
F2,36.713,-86.9166
F2,35.489,-92.574
F2,40.6827,-96.4637
F2,41.2851,-88.2469
F2,39.1287,-89.8272
F2,42.896,-83.574
F2,41.0366,-85.8926
F2,40.6529,-85.6676
F2,40.9909,-84.3418
F2,40.6918,-86.8785
F2,40.5689,-87.0955
F2,40.6918,-86.8785
F2,40.5515,-85.8383
F2,40.5649,-87.0791
F2,41.0431,-85.8831
F2,34.828,-77.902
F2,31.6986,-89.2239
F2,30.7289,-90.4799
F2,30.8157,-83.2833
F2,30.4025,-85.0746
F2,34.4941,-85.6754
F2,31.7579,-88.7559
F2,40.03,-94.0
F2,38.0371,-94.6419
F2,39.2115,-94.1926
F2,32.4116,-89.1147
F2,43.5975,-97.0583
F2,33.4382,-88.4064
F2,33.3664,-88.538
F2,42.091,-96.9449
F2,44.714,-104.573
F2,42.4822,-97.0599
F2,42.9705,-90.2243
F2,30.8685,-98.0875
F2,42.2117,-92.5253
F2,43.0123,-90.4216
F2,42.4988,-97.0407
F2,42.398,-71.0219
F2,48.86,-97.02
F2,46.5,-96.27
F2,33.6617,-94.2303
F2,39.631,-88.9567
F2,37.6014,-81.2012
F2,32.4921,-92.2421
F2,35.1271,-92.1179
F2,39.518,-90.841
F2,35.57,-76.66
F2,36.6843,-90.8698
F2,36.9987,-94.753
F2,40.77,-97.2
F2,32.8866,-93.875
F2,32.9041,-93.8188
F2,39.399,-89.0256
F2,32.2946,-101.2859
F2,38.98,-105.4445
F2,31.6717,-89.6567
F2,34.3073,-85.9305
F2,39.2125,-94.1701
F2,42.7376,-90.5188
F2,33.122,-85.0556
F2,36.4286,-89.1416
F2,35.0186,-86.4875
F2,41.55,-76.48
F2,32.9338,-89.3203
F2,34.1672,-86.0507
F2,34.3491,-85.8401
F2,32.9287,-89.3152
F2,47.7,-96.86
F2,47.82,-96.35
F2,40.872,-97.0351
F2,40.97,-96.7955
F2,36.054,-76.74
F2,36.06,-76.705
F2,36.14,-76.577
F2,36.25,-76.36
F2,36.08,-76.5
F2,47.71,-103.28
F2,36.22,-76.31
F2,35.47,-77.26
F2,36.912,-94.8215
F2,36.9142,-87.4512
F2,35.2491,-91.9215
F2,36.05,-76.55
F2,36.28,-76.17
F2,40.6638,-97.7309
F2,43.0431,-89.4799
F2,33.4888,-88.2802
F2,33.5856,-87.0055
F2,41.8028,-99.1407
F2,41.8348,-98.9567
F2,41.8397,-98.9986
F2,32.88,-89.43
F2,41.3174,-95.5606
F2,33.3592,-86.995
F2,33.8019,-86.5345
F2,44.034,-98.8908
F2,44.0635,-98.8025
F2,32.5745,-82.9754
F2,41.6108,-94.5128
F2,42.99,-75.64
F2,44.0725,-98.573
F2,41.2789,-87.6081
F2,41.2793,-87.3911
F2,35.3183,-87.577
F2,36.1016,-85.8869
F2,39.7781,-98.3652
F2,39.9476,-97.9662
F2,40.1403,-97.8208
F2,34.9835,-94.6658
F2,40.0021,-97.9231
F2,40.0027,-97.6615
F2,39.2107,-94.195
F2,34.552,-95.2235
F2,39.4356,-100.615
F2,41.2527,-90.9854
F2,43.2508,-83.6961
F2,37.2499,-86.35
F2,40.3618,-89.5496
F2,37.5337,-100.3193
F2,41.0234,-92.8428
F2,30.8154,-97.1175
F2,40.8741,-90.7009
F2,40.8892,-90.5936
F2,32.915,-96.518
F2,29.511,-95.235
F2,31.57,-86.375
F2,29.6383,-95.1126
F2,32.1304,-89.0711
F2,33.2181,-81.9498
F2,33.9311,-93.8659
F2,36.91,-91.93
F2,39.6838,-97.8974
F2,32.0888,-95.2289
F2,32.1177,-94.9438
F2,36.593,-99.659
F2,33.1602,-95.0703
F2,36.522,-99.729
F2,41.3839,-90.7945
F2,29.5112,-95.2346
F2,33.481,-81.7618
F2,33.0607,-96.434
F2,32.7192,-80.0552
F2,35.253,-101.158
F2,35.37,-101.086
F2,44.417,-103.007
F2,43.218,-98.177
F2,46.38,-95.07
F2,40.8983,-93.028
F2,37.6708,-100.2151
F2,32.4984,-95.3989
F2,34.0074,-95.1384
F2,32.6562,-102.4463
F2,40.8432,-93.0872
F2,41.4245,-92.4992
F2,39.5293,-102.9148
F2,37.9125,-97.6203
F2,38.317,-100.2446
F2,37.2834,-100.6453
F2,37.4745,-100.4152
F2,34.694,-90.7741
F2,35.3482,-97.5658
F2,33.4433,-86.9137
F2,35.974,-100.423
F2,34.702,-90.9161
F2,32.6228,-94.3216
F2,30.4561,-95.4994
F2,47.72,-97.38
F2,34.7649,-95.3112
F2,35.9727,-95.7615
F2,36.1615,-96.2181
F2,36.1719,-95.57
F2,33.6434,-98.7318
F2,33.983,-96.2684
F2,34.5055,-99.2079
F2,34.27,-96.0933
F2,29.537,-95.221
F2,29.624,-97.982
F2,29.127,-98.155
F2,38.8389,-90.6419
F2,34.954,-88.0731
F2,35.5499,-87.8145
F2,41.2641,-88.2462
F2,41.6565,-89.3213
F2,41.222,-84.6813
F2,39.9728,-88.0739
F2,41.5342,-90.3616
F2,39.133,-99.1814
F2,26.57,-82.037
F2,31.3241,-89.6506
F2,27.253,-82.5396
F2,27.538,-82.219
F2,32.7303,-88.5776
F2,31.696,-90.4023
F2,36.3496,-78.5443
F2,32.4685,-88.8749
F2,30.0408,-90.9632
F2,36.3759,-78.5105
F2,30.0732,-90.5067
F2,31.1157,-89.5159
F2,30.496,-90.7592
F2,31.598,-95.116
F2,33.0273,-88.3177
F2,40.01,-76.0297
F2,32.5007,-95.3712
F2,36.9801,-87.6681
F2,33.9647,-95.9914
F2,31.6063,-84.8179
F2,36.218,-96.0013
F2,36.284,-95.6384
F2,30.9968,-87.2281
F2,40.7135,-89.9146
F2,32.4991,-95.4076
F2,31.2724,-86.8483
F2,35.7109,-94.4851
F2,35.7585,-94.4635
F2,34.66,-100.7
F2,34.593,-96.884
F2,37.7947,-99.3725
F2,34.4679,-86.9299
F2,32.0391,-101.5283
F2,32.1271,-85.5662
F2,33.326,-86.9965
F2,31.8922,-101.4981
F2,30.5284,-94.0183
F2,38.2616,-100.0515
F2,40.8213,-96.0074
F2,43.8634,-103.2461
F2,47.77,-98.86
F2,47.5,-96.41
F2,36.194,-97.171
F2,36.217,-97.141
F2,45.1237,-94.5454
F2,38.1244,-91.2033
F2,42.09,-101.83
F2,36.4966,-98.0699
F2,36.246,-97.115
F2,48.63,-99.47
F2,45.2969,-94.4144
F2,46.4449,-93.9158
F2,39.133,-99.1814
F2,39.05,-99.2218
F2,42.1531,-92.0327
F2,41.8785,-91.8316
F2,37.4635,-86.878
F2,40.1198,-102.2327
F2,30.4034,-99.467
F2,43.0301,-100.4275
F2,48.56,-99.61
F2,37.9625,-76.8699
F2,40.0018,-86.8735
F2,35.4046,-84.6371
F2,40.5621,-90.6736
F2,39.9615,-86.3367
F2,38.7407,-97.5156
F2,45.72,-123.94
F2,38.1021,-82.6289
F2,42.8151,-102.3054
F2,37.6999,-100.0935
F2,37.646,-100.0988
F2,35.4429,-101.6226
F2,34.69,-85.78
F2,34.74,-86.53
F2,34.5415,-87.9038
F2,30.3069,-96.0471
F2,37.8411,-96.3154
F2,34.1946,-87.4701
F2,34.0699,-87.2016
F2,40.23,-104.17
F2,35.2534,-85.4383
F2,35.2481,-85.4459
F2,41.2527,-84.646
F2,41.3231,-84.3803
F2,40.81,-85.4355
F2,41.3669,-88.71
F2,40.9183,-88.7776
F2,31.7753,-92.0083
F2,34.5035,-92.7678
F2,40.7567,-95.5628
F2,32.9005,-90.0257
F2,33.3875,-89.6463
F2,31.4795,-91.4255
F2,32.8556,-90.0951
F2,31.9338,-90.9845
F2,31.7314,-89.6559
F2,32.902,-94.0431
F2,32.5199,-94.2529
F2,32.8087,-94.1962
F2,31.5704,-84.8654
F2,32.8883,-93.6432
F2,32.8808,-94.0723
F2,31.6824,-93.0381
F2,31.6195,-84.7874
F2,32.4825,-94.4499
F2,31.8476,-88.2905
F2,31.0817,-99.2111
F2,31.384,-89.1461
F2,40.924,-89.2983
F2,36.717,-90.804
F2,36.6169,-89.3918
F2,40.6891,-92.876
F2,36.569,-89.1867
F2,40.6174,-93.2085
F2,40.392,-89.5381
F2,36.5827,-88.6263
F2,30.7928,-92.6769
F2,38.5991,-87.1394
F2,38.6573,-87.0782
F2,38.69,-86.3406
F2,38.7991,-86.0166
F2,36.74,-76.23
F2,36.7568,-76.1486
F2,35.2461,-95.95
F2,31.9849,-80.9971
F2,35.798,-80.783
F2,35.7583,-95.3846
F2,34.51,-81.967
F2,34.972,-81.989
F2,36.5033,-89.0837
F2,31.8442,-94.4768
F2,31.815,-94.4989
F2,35.9252,-93.388
F2,36.7772,-89.58
F2,36.023,-92.94
F2,31.7365,-92.0389
F2,35.37,-100.29
F2,31.7476,-92.1618
F2,31.5788,-92.2513
F2,45.2551,-92.1562
F2,34.9262,-92.2479
F2,31.2767,-85.0086
F2,31.5115,-92.2521
F2,40.3779,-91.6274
F2,31.369,-84.7196
F2,35.22,-91.68
F2,29.541,-95.7149
F2,37.8222,-89.7124
F2,31.8672,-89.669
F2,35.1017,-94.5783
F2,31.1292,-85.4856
F2,31.1855,-89.4799
F2,38.1797,-87.9474
F2,32.34,-81.56
F2,32.4914,-88.602
F2,30.3128,-90.5857
F2,32.4393,-89.5248
F2,30.3365,-90.4702
F2,30.3871,-90.2435
F2,29.4907,-98.4991
F2,40.7284,-82.7968
F2,30.5443,-97.3525
F2,30.5501,-97.3594
F2,32.8592,-83.3733
F2,43.34,-95.68
F2,36.7197,-94.4324
F2,40.5851,-94.7771
F2,41.1777,-82.9741
F2,31.2567,-84.9037
F2,31.9224,-84.793
F2,41.5189,-80.6467
F2,32.3323,-82.9856
F2,31.1255,-92.5368
F2,27.5739,-80.8352
F2,32.5409,-84.6735
F2,48.81,-98.21
F2,48.26,-99.74
F2,42.4636,-104.0529
F2,43.6916,-106.685
F2,38.404,-87.071
F2,41.8219,-103.3408
F2,33.3089,-81.3711
F2,41.002,-104.3051
F2,42.276,-104.1957
F2,41.8294,-99.5806
F2,36.1097,-95.9367
F2,28.6864,-80.8366
F2,33.3793,-88.0344
F2,34.1522,-86.6058
F2,40.3491,-85.3483
F2,31.7435,-95.1926
F2,31.49,-97.67
F2,28.1529,-81.8798
F2,40.3789,-85.2575
F2,40.5092,-84.8028
F2,41.3425,-75.6538
F2,32.7717,-95.767
F2,32.251,-95.9803
F2,31.8934,-94.9435
F2,40.3977,-85.2066
F2,40.5408,-84.5732
F2,38.6056,-100.9164
F2,41.4092,-91.0732
F2,36.2634,-80.4434
F2,41.2525,-75.7638
F2,42.7416,-78.8575
F2,35.743,-81.39
F2,41.1533,-90.0811
F2,40.7892,-82.877
F2,34.764,-82.76
F2,35.114,-81.727
F2,42.2735,-91.3635
F2,34.133,-98.894
F2,42.2958,-91.1641
F2,42.2906,-91.1883
F2,32.8318,-84.4239
F2,35.2402,-99.555
F2,33.8465,-81.7777
F2,33.59,-80.787
F2,30.8997,-83.9821
F2,41.0994,-95.9611
F2,31.5927,-84.8254
F2,32.8374,-84.4204
F2,32.087,-91.6894
F2,35.564,-99.917
F2,35.3816,-99.3644
F2,31.6706,-101.6766
F2,40.8133,-82.7257
F2,34.1243,-81.6153
F2,36.049,-80.611
F2,42.1919,-91.5271
F2,31.7798,-85.1186
F2,41.2766,-91.2594
F2,47.64,-97.31
F2,47.38,-96.98
F2,47.3522,-96.8441
F2,47.22,-96.51
F2,47.15,-96.39
F2,31.8478,-83.5272
F2,32.2572,-96.018
F2,31.7624,-85.1647
F2,41.7625,-90.6026
F2,32.5282,-83.7205
F2,41.5071,-90.7854
F2,40.9856,-88.9865
F2,38.9637,-76.3485
F2,32.6538,-90.3195
F2,39.4556,-94.5485
F2,29.72,-81.23
F2,30.2276,-92.5776
F2,39.428,-94.5988
F2,41.436,-79.065
F2,41.424,-79.098
F2,41.432,-79.074
F2,39.1522,-89.6324
F2,33.4474,-94.6484
F2,36.4796,-90.1591
F2,36.8315,-87.4835
F2,36.3001,-90.6333
F2,31.1011,-92.2172
F2,36.7508,-89.5846
F2,33.8552,-86.2398
F2,33.8639,-86.0984
F2,37.0601,-96.7227
F2,38.8877,-88.9976
F2,37.0944,-92.4922
F2,40.25,-103.6
F2,34.2555,-94.067
F2,33.267,-91.5019
F2,32.015,-92.2693
F2,32.3558,-88.7321
F2,35.549,-94.2621
F2,32.4459,-92.9053
F2,30.3459,-92.048
F2,37.8122,-88.707
F2,36.0468,-79.7597
F2,32.0172,-93.4619
F2,33.9101,-81.3645
F2,37.2461,-88.392
F2,47.55,-96.02
F2,41.7182,-76.6881
F2,41.2436,-75.8467
F2,43.9988,-107.1501
F2,44.0285,-107.1061
F2,45.4259,-103.9053
F2,45.5562,-103.7596
F2,33.6226,-84.6252
F2,36.6441,-87.0049
F2,44.3036,-93.3448
F2,37.2332,-85.624
F2,37.4065,-77.6107
F2,47.7814,-103.295
F2,44.2098,-93.4504
F2,47.83,-98.72
F2,47.85,-98.7
F2,37.3264,-79.241
F2,41.4053,-92.871
F2,41.7246,-93.4951
F2,41.7008,-93.5037
F2,47.5,-102.75
F2,34.2482,-87.1101
F2,41.4996,-73.6847
F2,37.3416,-79.2367
F2,34.324,-98.809
F2,34.9572,-87.2049
F2,39.6301,-89.2008
F2,40.3839,-88.7228
F2,34.2216,-86.2939
F2,47.507,-122.6395
F2,41.416,-105.605
F2,45.3753,-104.0813
F2,41.2747,-105.1089
F2,31.5448,-92.2966
F2,37.2382,-77.8593
F2,30.7914,-92.6606
F2,30.8295,-92.5982
F2,30.9874,-92.264
F2,31.0081,-92.2183
F2,31.247,-92.4784
F2,41.7531,-80.3561
F2,41.545,-77.1782
F2,41.142,-79.168
F2,40.143,-79.399
F2,40.27,-103.62
F2,31.4495,-92.3464
F2,35.4601,-94.3993
F2,36.8222,-78.8417
F2,30.7601,-89.9292
F2,35.6385,-94.9758
F2,30.9257,-89.8464
F2,35.9072,-94.7972
F2,31.7434,-93.4507
F2,31.7485,-93.4413
F2,31.8563,-93.0949
F2,31.9302,-92.8871
F2,34.2611,-88.8254
F2,43.6153,-88.5222
F2,39.3509,-77.1674
F2,40.15,-103.52
F2,40.11,-103.47
F2,34.6809,-76.9226
F2,31.5698,-91.3664
F2,31.1749,-100.6599
F2,31.0403,-92.1475
F2,40.36,-103.54
F2,40.3,-103.58
F2,36.5513,-87.2707
F2,35.322,-85.9009
F2,35.2078,-86.2074
F2,35.6712,-86.5074
F2,35.6504,-86.5305
F2,34.809,-99.614
F2,34.6564,-77.0524
F2,32.5202,-86.237
F2,40.2034,-100.7604
F2,37.4187,-90.1217
F2,30.8619,-84.2321
F2,33.001,-104.4402
F2,32.1763,-104.0794
F2,30.4989,-84.0413
F2,36.9459,-88.8671
F2,36.9824,-88.83
F2,33.5238,-80.2198
F2,31.5181,-94.1543
F2,31.9483,-85.1537
F2,38.57,-75.59
F2,42.834,-84.2384
F2,31.9653,-85.3392
F2,32.3455,-85.7356
F2,40.8388,-82.6946
F2,32.6413,-86.3385
F2,33.2693,-80.8933
F2,41.1887,-76.4065
F2,37.0688,-93.1978
F2,37.091,-93.1765
F2,39.9039,-77.8474
F2,40.5313,-77.6139
F2,34.79,-95.6489
F2,39.3281,-95.7311
F2,35.9187,-79.188
F2,31.6405,-95.0805
F2,32.9229,-95.2473
F2,33.888,-103.3004
F2,47.5,-96.21
F2,36.1615,-94.9891
F2,30.1733,-90.7887
F2,32.7561,-93.688
F2,36.0526,-95.1535
F2,36.4307,-94.8135
F2,41.0576,-91.0716
F2,41.0551,-91.052
F2,31.1376,-97.9439
F2,33.267,-101.853
F2,34.2304,-102.5229
F2,39.2473,-86.6671
F2,39.0456,-86.7965
F2,29.9071,-96.9573
F2,39.9985,-85.7549
F2,39.5451,-85.5457
F2,31.1005,-90.2688
F2,39.2955,-98.49
F2,34.2195,-101.7257
F2,37.6775,-99.7119
F2,37.7669,-99.5599
F2,37.9405,-99.2515
F2,37.9999,-99.1485
F2,39.915,-75.5202
F2,39.1135,-98.8505
F2,39.5128,-82.7271
F2,39.1332,-98.8196
F2,36.1778,-94.531
F2,27.982,-82.0475
F2,43.4904,-96.7875
F2,43.4752,-96.7471
F2,43.516,-96.7611
F2,39.769,-84.1092
F2,39.8618,-84.2506
F2,40.71,-102.95
F2,40.73,-103.0
F2,30.6867,-96.3014
F2,40.5812,-100.3127
F2,40.7842,-96.7583
F2,40.1576,-75.905
F2,31.5612,-95.1042
F2,41.4557,-94.6249
F2,31.0789,-95.5773
F2,39.3416,-94.3335
F2,38.763,-95.5
F2,37.99,-77.82
F2,32.4831,-96.0012
F2,37.36,-77.05
F2,36.4998,-100.0506
F2,42.3339,-104.5405
F2,32.9619,-95.1841
F2,35.8275,-78.4399
F2,36.0567,-100.6423
F2,35.9856,-100.6969
F2,35.1289,-99.0768
F2,32.3683,-96.2125
F2,35.065,-99.08
F2,34.473,-98.334
F2,32.2351,-91.7783
F2,34.4439,-88.7189
F2,32.0586,-90.1282
F2,31.8272,-88.9036
F2,32.4206,-87.9787
F2,31.4046,-91.1485
F2,31.3493,-90.6308
F2,31.58,-83.42
F2,30.9273,-92.7934
F2,31.6541,-83.2551
F2,36.1229,-100.5461
F2,31.6379,-89.975
F2,31.1927,-89.9206
F2,32.6012,-84.9076
F2,36.5283,-95.812
F2,32.5998,-83.9492
F2,31.9539,-84.9644
F2,32.4191,-99.8388
F2,31.323,-100.6501
F2,31.0384,-100.5931
F2,33.8736,-78.4796
F2,33.8931,-88.3215
F2,33.7248,-88.4409
F2,36.4807,-100.1212
F2,35.387,-97.028
F2,31.6953,-101.9734
F2,32.8974,-96.6753
F2,34.6445,-87.4126
F2,34.64,-87.7331
F2,35.769,-98.969
F2,36.593,-99.984
F2,41.7897,-79.2857
F2,34.8237,-88.3656
F2,32.6688,-88.5451
F2,32.0475,-89.8286
F2,40.637,-85.846
F2,32.3737,-90.8291
F2,32.309,-90.8909
F2,32.3556,-89.6523
F2,32.1237,-90.6506
F2,32.1769,-90.6036
F2,32.9716,-92.0133
F2,32.3341,-90.883
F2,33.2596,-88.9459
F2,32.0247,-88.7102
F2,33.286,-88.9293
F2,33.5354,-82.2159
F2,33.6098,-82.0529
F2,35.498,-80.564
F2,32.8574,-90.5208
F2,33.1469,-88.6044
F2,32.6673,-91.6241
F2,45.91,-96.08
F2,40.0822,-74.9599
F2,40.0815,-74.9592
F2,40.1284,-74.999
F2,29.0349,-81.341
F2,35.177,-81.413
F2,35.6567,-90.8562
F2,33.4908,-79.0906
F2,34.4293,-80.5303
F2,36.1399,-85.0401
F2,38.0969,-75.3983
F2,32.3101,-100.2189
F2,35.2151,-93.5999
F2,32.5335,-99.6739
F2,32.343,-100.1489
F2,31.8173,-85.2636
F2,37.9421,-87.4036
F2,36.1352,-92.9381
F2,36.849,-86.3176
F2,37.7418,-87.7038
F2,34.8576,-89.9206
F2,33.8224,-90.5682
F2,32.88,-89.967
F2,32.8169,-90.0995
F2,33.1175,-89.3761
F2,34.966,-82.667
F2,35.015,-82.594
F2,33.2638,-91.7598
F2,33.446,-91.058
F2,34.1602,-94.4711
F2,32.8801,-89.9667
F2,32.1428,-88.914
F2,31.9406,-89.2971
F2,33.2015,-86.9753
F2,33.9183,-90.5201
F2,33.7057,-87.0402
F2,32.0906,-89.5363
F2,34.8826,-79.9797
F2,33.6658,-91.0602
F2,34.1239,-86.7087
F2,32.1493,-93.7946
F2,34.1955,-94.5133
F2,34.1891,-86.1505
F2,34.0757,-86.3202
F2,37.35,-89.6118
F2,42.45,-103.25
F2,30.5922,-91.7641
F2,31.3479,-86.3955
F2,34.558,-80.873
F2,35.1613,-84.864
F2,33.9384,-86.5677
F2,33.8169,-95.4799
F2,34.0419,-86.0704
F2,34.3385,-97.126
F2,34.0705,-96.813
F2,33.7199,-96.2085
F2,36.0811,-88.5287
F2,36.0928,-88.1189
F2,34.5889,-85.2571
F2,34.8098,-84.8377
F2,34.892,-82.392
F2,33.2379,-88.1545
F2,42.44,-103.24
F2,44.294,-104.096
F2,44.289,-104.055
F2,46.29,-95.49
F2,45.6688,-98.798
F2,36.3076,-90.8089
F2,32.5945,-93.1807
F2,30.7287,-85.4329
F2,44.709,-98.9875
F2,32.692,-97.1472
F2,32.0015,-88.8943
F2,31.7608,-89.2247
F2,31.3522,-90.0405
F2,39.3113,-75.5805
F2,38.4474,-75.7575
F2,39.1049,-75.5001
F2,32.4852,-80.343
F2,37.35,-119.34
F2,35.4311,-92.0367
F2,33.8465,-77.9592
F2,37.6274,-76.3358
F2,36.645,-76.99
F2,30.6341,-93.7149
F2,31.3994,-85.279
F2,31.42,-84.0
F2,31.4242,-83.9981
F2,34.3974,-86.4466
F2,32.5039,-93.4463
F2,32.4571,-93.5875
F2,30.72,-85.59
F2,30.9483,-92.2519
F2,31.2047,-90.7432
F2,30.9596,-93.5469
F2,31.1623,-92.4582
F2,30.9325,-93.8965
F2,30.9349,-93.8661
F2,31.1285,-92.6814
F2,33.1066,-82.1918
F2,27.8637,-82.7524
F2,33.4032,-80.787
F2,36.5028,-88.0451
F2,36.1107,-87.1726
F2,33.1157,-87.1707
F2,40.4327,-84.7917
F2,32.1233,-88.0426
F2,41.39,-95.64
F2,41.31,-95.77
F2,31.0589,-87.0649
F2,39.883,-93.361
F2,40.1405,-104.9032
F2,35.8371,-87.8041
F2,35.9855,-87.4632
F2,31.4524,-83.0035
F2,36.3392,-84.397
F2,36.3593,-84.3747
F2,30.2347,-85.9177
F2,34.1,-99.48
F2,36.52,-89.031
F2,31.3,-84.7
F2,33.2533,-85.1895
F2,41.44,-97.38
F2,40.5214,-84.9178
F2,41.77,-96.98
F2,40.92,-95.88
F2,40.86,-95.95
F2,41.91,-96.75
F2,33.2512,-90.0426
F2,35.3338,-87.7127
F2,33.9369,-90.7536
F2,37.956,-76.575
F2,34.174,-82.696
F2,44.506,-90.802
F2,31.973,-94.563
F2,32.0982,-94.3089
F2,31.6884,-95.2293
F2,34.7482,-101.9373
F2,34.8861,-100.9292
F2,37.4986,-100.2752
F2,44.5039,-90.804
F2,36.8101,-89.9985
F2,32.05,-101.18
F2,40.698,-96.978
F2,40.62,-97.07
F2,40.79,-96.91
F2,44.511,-90.7491
F2,44.5975,-90.5799
F2,40.6361,-96.1585
F2,40.627,-80.995
F2,40.19,-81.01
F2,42.6869,-92.5544
F2,47.67,-97.87
F2,44.9712,-90.9228
F2,42.7153,-93.114
F2,33.6655,-91.8083
F2,32.838,-86.46
F2,39.4805,-88.4708
F2,34.1805,-91.5233
F2,41.333,-95.107
F2,42.2103,-95.053
F2,41.6998,-94.7044
F2,31.6996,-88.4645
F2,33.136,-85.654
F2,41.8633,-94.536
F2,41.8632,-94.4327
F2,41.8631,-94.3831
F2,39.419,-88.59
F2,39.4474,-88.5269
F2,41.943,-94.5058
F2,41.9863,-94.4796
F2,42.081,-94.4866
F2,40.0607,-89.9153
F2,39.2159,-89.0236
F2,42.21,-94.0637
F2,42.2902,-94.476
F2,42.1489,-94.282
F2,39.8494,-87.6693
F2,42.2098,-94.2441
F2,42.2227,-93.9317
F2,39.8954,-90.2398
F2,42.2513,-93.9318
F2,42.4239,-94.0578
F2,48.044,-90.296
F2,42.6557,-93.6664
F2,42.9083,-93.4544
F2,32.6746,-86.7364
F2,30.1518,-93.2668
F2,30.1108,-93.8337
F2,30.1772,-93.8033
F2,30.2448,-93.7762
F2,37.634,-90.147
F2,38.85,-76.596
F2,39.3375,-83.3086
F2,37.075,-86.071
F2,44.901,-90.9834
F2,37.222,-85.927
F2,37.453,-85.322
F2,44.0149,-83.0386
F2,36.9559,-86.4231
F2,37.5792,-84.7761
F2,43.7976,-93.4927
F2,31.6491,-88.9066
F2,32.28,-96.91
F2,31.884,-88.135
F2,39.77,-75.97
F2,32.8086,-86.5578
F2,33.1056,-85.7236
F2,32.424,-86.9542
F2,40.107,-75.238
F2,32.1426,-97.4449
F2,37.7049,-90.4095
F2,35.3038,-91.3689
F2,35.3651,-91.2519
F2,36.226,-89.694
F2,36.25,-89.644
F2,40.1613,-101.5333
F2,40.2283,-80.507
F2,36.363,-89.394
F2,35.68,-88.48
F2,36.12,-89.26
F2,36.202,-88.995
F2,35.6654,-90.5268
F2,35.044,-98.295
F2,37.8773,-89.9425
F2,39.3547,-90.3002
F2,37.858,-89.98
F2,42.429,-96.182
F2,42.834,-95.171
F2,36.637,-87.688
F2,40.345,-74.948
F2,40.3428,-74.9434
F2,39.754,-74.191
F2,37.272,-90.887
F2,30.9197,-89.2525
F2,30.652,-92.8043
F2,26.4817,-81.986
F2,36.85,-87.4601
F2,35.186,-96.736
F2,39.1971,-96.5765
F2,45.7591,-95.3759
F2,32.0117,-92.4006
F2,32.048,-92.312
F2,32.3565,-88.3857
F2,32.71,-87.828
F2,32.9317,-87.4539
F2,32.97,-87.421
F2,31.4132,-93.3238
F2,31.888,-101.688
F2,35.951,-80.946
F2,34.36,-91.53
F2,31.6636,-88.8118
F2,33.799,-81.472
F2,33.6907,-80.2292
F2,31.1805,-88.9366
F2,33.791,-81.4923
F2,31.967,-86.07
F2,32.5183,-86.2036
F2,33.8407,-96.8192
F2,32.1763,-94.7395
F2,32.5475,-87.2944
F2,37.3776,-79.3655
F2,42.7912,-94.3335
F2,42.6492,-94.5437
F2,34.854,-82.828
F2,30.4796,-97.6754
F2,43.5406,-92.6601
F2,32.483,-97.4275
F2,40.8332,-79.374
F2,31.2869,-88.7427
F2,35.1042,-80.2373
F2,32.6377,-100.7711
F2,31.7731,-88.1682
F2,33.8093,-102.786
F2,33.6266,-102.5438
F2,31.8712,-86.2108
F2,33.825,-102.764
F2,31.99,-88.1
F2,36.6922,-80.5873
F2,32.0,-88.09
F2,31.1346,-95.675
F2,32.189,-83.8806
F2,38.3439,-87.8778
F2,29.6893,-97.7307
F2,32.849,-94.699
F2,36.03,-91.84
F2,41.4189,-93.7907
F2,41.5115,-93.5767
F2,30.1705,-85.7128
F2,41.6104,-93.3486
F2,39.121,-94.3091
F2,40.7595,-93.708
F2,32.879,-94.664
F2,31.6591,-95.0306
F2,31.844,-94.825
F2,32.072,-94.602
F2,40.8437,-93.5569
F2,30.2629,-97.4617
F2,40.6834,-93.3892
F2,41.7455,-92.9727
F2,29.63,-97.78
F2,32.887,-94.654
F2,31.691,-94.963
F2,32.0548,-94.6089
F2,32.6428,-94.966
F2,40.7081,-97.7613
F2,39.2431,-84.1829
F2,46.86,-95.69
F2,31.1649,-89.8896
F2,31.8464,-89.2062
F2,29.9533,-91.8382
F2,46.3688,-95.0426
F2,44.7733,-96.4598
F2,31.098,-88.841
F2,47.7564,-100.9677
F2,46.0263,-96.483
F2,46.3684,-94.8657
F2,32.1601,-88.4028
F2,43.9379,-100.83
F2,33.5832,-88.4231
F2,44.6822,-96.8239
F2,43.5884,-110.5228
F2,37.6262,-97.193
F2,31.0954,-88.8476
F2,45.88,-96.0
F2,45.96,-96.12
F2,44.717,-97.0279
F2,44.5731,-96.8389
F2,43.8954,-100.9405
F2,40.017,-80.519
F2,40.027,-80.537
F2,48.85,-106.25
F2,33.0072,-95.7297
F2,32.366,-94.173
F2,34.3908,-94.9909
F2,32.108,-96.0044
F2,34.2297,-93.6332
F2,34.5138,-92.4014
F2,33.888,-95.464
F2,32.9829,-94.645
F2,34.0178,-93.9763
F2,34.741,-97.746
F2,41.9024,-92.6332
F2,42.62,-78.33
F2,32.18,-88.913
F2,39.882,-110.7445
F2,43.8935,-90.5149
F2,34.91,-97.318
F2,31.3039,-83.9463
F2,32.227,-88.7
F2,45.391,-88.2852
F2,39.3748,-82.7371
F2,39.9692,-84.362
F2,44.061,-90.312
F2,33.1008,-88.4691
F2,32.366,-90.6169
F2,35.257,-96.796
F2,32.3938,-91.1901
F2,32.4839,-90.5914
F2,32.8799,-89.5716
F2,32.4892,-86.0017
F2,32.464,-86.21
F2,26.3705,-80.1054
F2,31.6955,-89.8325
F2,33.8695,-96.7966
F2,32.66,-90.929
F2,33.1195,-97.6563
F2,32.97,-90.84
F2,33.2981,-96.4287
F2,33.349,-96.32
F2,33.6144,-95.8268
F2,32.2965,-98.6678
F2,32.3323,-94.2154
F2,32.221,-94.0102
F2,31.3966,-89.1829
F2,32.1999,-89.7911
F2,29.9275,-90.0403
F2,29.8773,-90.1239
F2,29.946,-90.0121
F2,32.224,-89.174
F2,31.899,-88.6554
F2,32.44,-86.323
F2,29.98,-90.52
F2,31.7187,-88.1788
F2,31.698,-88.202
F2,31.68,-88.214
F2,33.0736,-85.2254
F2,41.6508,-89.3128
F2,41.592,-95.776
F2,39.632,-89.5349
F2,41.6178,-96.5999
F2,47.25,-95.94
F2,40.1515,-74.259
F2,35.123,-97.55
F2,35.164,-97.454
F2,31.1474,-83.444
F2,34.2542,-93.6426
F2,30.4116,-86.3182
F2,35.8855,-92.3665
F2,30.1797,-93.7106
F2,30.4028,-93.3181
F2,32.172,-92.7048
F2,32.6239,-86.4098
F2,32.784,-92.1695
F2,32.1226,-90.1315
F2,30.0741,-93.8921
F2,26.8251,-80.0897
F2,36.07,-92.837
F2,36.0425,-92.9051
F2,41.8051,-74.9244
F2,42.08,-98.7
F2,35.356,-88.009
F2,39.896,-89.6206
F2,39.8448,-89.5223
F2,39.9176,-89.353
F2,38.369,-96.6332
F2,35.7554,-86.3814
F2,38.11,-91.87
F2,35.828,-86.179
F2,42.0895,-98.713
F2,38.46,-96.41
F2,37.25,-90.14
F2,41.54,-91.56
F2,35.39,-96.922
F2,34.7259,-89.0426
F2,39.93,-93.31
F2,35.609,-99.7
F2,41.109,-85.0286
F2,39.94,-95.63
F2,41.0615,-92.3334
F2,33.0416,-91.7697
F2,36.95,-88.61
F2,33.173,-84.507
F2,33.408,-83.844
F2,33.2252,-84.2021
F2,32.9927,-85.0735
F2,33.1959,-84.4845
F2,33.049,-84.863
F2,33.0506,-84.8449
F2,33.289,-84.093
F2,33.392,-83.888
F2,40.1543,-74.2735
F2,33.352,-91.458
F2,41.63,-91.69
F2,41.62,-91.14
F2,35.125,-97.261
F2,35.159,-97.173
F2,35.272,-97.0
F2,30.3578,-93.3634
F2,32.987,-85.413
F2,34.1658,-87.5864
F2,32.3173,-87.2278
F2,35.283,-97.103
F2,32.7288,-88.3463
F2,32.6221,-87.7543
F2,39.5692,-86.221
F2,30.8398,-90.5326
F2,38.585,-86.8666
F2,40.0216,-103.202
F2,35.0767,-89.1092
F2,35.2949,-90.5042
F2,35.3908,-90.1447
F2,35.3259,-93.552
F2,35.3768,-90.1708
F2,34.7782,-90.2022
F2,33.2599,-92.4481
F2,40.1555,-74.3937
F2,40.1223,-74.0398
F2,35.4394,-90.0034
F2,35.2128,-88.6067
F2,34.88,-92.07
F2,41.4285,-81.5144
F2,34.299,-97.653
F2,40.2785,-74.7028
F2,41.4897,-81.0887
F2,41.48,-90.37
F2,40.533,-87.283
F2,33.1785,-90.3303
F2,33.244,-94.2162
F2,33.195,-84.476
F2,37.682,-86.0133
F2,33.206,-84.393
F2,41.43,-90.12
F2,40.578,-87.3237
F2,32.845,-86.008
F2,40.0926,-103.3588
F2,36.9357,-89.4861
F2,33.004,-87.423
F2,35.1454,-86.5794
F2,41.46,-90.0
F2,42.26,-91.93
F2,32.4103,-86.008
F2,42.18,-92.09
F2,41.7296,-83.5426
F2,41.4688,-83.1457
F2,41.76,-91.17
F2,41.2172,-82.7036
F2,29.5678,-81.2512
F2,41.42,-90.23
F2,30.0007,-94.4702
F2,41.475,-90.0584
F2,41.81,-90.65
F2,41.23,-90.02
F2,41.0011,-91.1708
F2,32.889,-87.805
F2,41.81,-91.51
F2,30.6625,-92.1568
F2,41.82,-103.63
F2,41.7762,-104.2608
F2,40.2408,-92.1957
F2,42.6535,-84.3131
F2,32.182,-87.595
F2,39.9574,-79.4664
F2,35.9308,-84.158
F2,34.367,-86.8713
F2,34.208,-89.121
F2,34.189,-89.223
F2,34.8086,-87.6553
F2,34.464,-88.789
F2,34.484,-88.603
F2,34.41,-87.11
F2,32.723,-99.789
F2,31.357,-84.9454
F2,39.7195,-89.7715
F2,32.691,-86.413
F2,30.3832,-84.8169
F2,41.7987,-71.5741
F2,43.4986,-105.3563
F2,31.0196,-88.203
F2,39.8654,-103.2302
F2,40.5062,-85.8434
F2,36.1601,-87.2335
F2,36.183,-87.153
F2,36.207,-86.984
F2,36.4689,-86.9078
F2,36.255,-86.7852
F2,36.297,-86.656
F2,36.433,-86.269
F2,36.715,-87.06
F2,36.64,-87.28
F2,36.2793,-87.4138
F2,39.3865,-86.4618
F2,41.4458,-96.6991
F2,40.1789,-86.6655
F2,30.42,-88.57
F2,39.6139,-102.3955
F2,35.318,-88.366
F2,39.571,-102.376
F2,41.7844,-96.5295
F2,28.003,-82.8285
F2,28.8464,-82.6108
F2,40.5898,-87.0961
F2,30.4132,-87.2725
F2,36.1526,-100.9489
F2,35.142,-97.565
F2,34.071,-97.041
F2,36.0505,-90.5774
F2,30.1822,-93.2148
F2,36.8669,-89.5995
F2,38.87,-96.45
F2,39.13,-95.98
F2,34.64,-93.06
F2,34.661,-92.98
F2,39.9204,-83.5416
F2,40.203,-85.3173
F2,39.8571,-83.7946
F2,40.977,-82.8358
F2,40.9692,-82.7252
F2,30.2403,-85.6419
F2,30.71,-85.2276
F2,40.0402,-82.7684
F2,38.7072,-85.2263
F2,33.2729,-81.0435
F2,38.069,-87.966
F2,38.0941,-87.9229
F2,30.998,-85.403
F2,39.4259,-76.9717
F2,31.3785,-84.7285
F2,30.1417,-85.5907
F2,40.7828,-94.2923
F2,41.8639,-95.2589
F2,30.7707,-83.2008
F2,29.8863,-93.9423
F2,41.0043,-93.7908
F2,42.92,-83.67
F2,39.8154,-81.1448
F2,41.0399,-94.2517
F2,40.9994,-94.4708
F2,41.0195,-94.2701
F2,42.19,-85.67
F2,40.146,-84.431
F2,37.92,-96.01
F2,40.3718,-83.5251
F2,38.7238,-85.3275
F2,31.71,-87.056
F2,31.6838,-86.9062
F2,36.2087,-92.8893
F2,31.7143,-87.0641
F2,30.44,-84.49
F2,30.47,-84.415
F2,40.4646,-84.7917
F2,36.2521,-92.3265
F2,30.93,-87.12
F2,30.85,-86.789
F2,38.4329,-81.8109
F2,40.48,-84.455
F2,38.6963,-88.6977
F2,38.517,-87.5226
F2,37.0806,-98.1424
F2,41.9996,-85.293
F2,31.92,-102.23
F2,41.9132,-85.5258
F2,40.83,-103.02
F2,40.901,-95.098
F2,31.65,-102.11
F2,41.539,-100.058
F2,30.76,-102.89
F2,31.1334,-97.4388
F2,41.6765,-93.7623
F2,36.3231,-94.5151
F2,36.3283,-94.3568
F2,35.76,-94.493
F2,37.1118,-96.7571
F2,41.8635,-93.5318
F2,36.7,-96.001
F2,36.3344,-94.2002
F2,35.7363,-94.5946
F2,32.1515,-99.1051
F2,33.526,-97.745
F2,37.0055,-91.4618
F2,34.393,-93.198
F2,41.54,-98.29
F2,41.276,-95.896
F2,39.0917,-82.7198
F2,30.251,-89.8143
F2,42.7242,-89.3316
F2,33.0199,-99.9494
F2,42.41,-90.1
F2,41.5486,-93.5802
F2,38.2828,-82.7613
F2,30.8611,-94.0058
F2,40.139,-85.863
F2,30.3416,-101.4319
F2,31.4831,-99.6676
F2,32.028,-100.7034
F2,31.7582,-99.923
F2,42.6233,-78.8745
F2,31.808,-97.0
F2,38.3862,-85.4978
F2,38.0845,-81.004
F2,41.3446,-98.5073
F2,41.39,-98.45
F2,41.4553,-98.3695
F2,43.21,-75.49
F2,31.7754,-97.0496
F2,40.8138,-91.5834
F2,38.349,-85.644
F2,42.6301,-89.1105
F2,42.6969,-89.9625
F2,45.0282,-102.4044
F2,37.6341,-89.0017
F2,37.734,-95.823
F2,40.959,-91.372
F2,37.7631,-88.0314
F2,38.1113,-87.7214
F2,41.3876,-88.3755
F2,31.1686,-81.968
F2,41.398,-88.2499
F2,41.5019,-87.7903
F2,37.7913,-88.4029
F2,38.1098,-87.6971
F2,34.62,-85.793
F2,38.1501,-87.6823
F2,34.7384,-86.5804
F2,33.6554,-84.0903
F2,31.9609,-89.2135
F2,37.483,-95.963
F2,41.862,-101.427
F2,27.0803,-80.1932
F2,26.958,-80.351
F2,26.5215,-81.8602
F2,27.4318,-80.9535
F2,36.7548,-87.6743
F2,34.6834,-78.1485
F2,27.2822,-80.8798
F2,27.558,-80.385
F2,37.1103,-88.069
F2,37.137,-88.0188
F2,42.0333,-85.7616
F2,36.7952,-89.942
F2,45.6837,-100.2431
F2,36.5215,-91.1256
F2,34.11,-97.199
F2,41.3002,-94.4473
F2,33.402,-99.817
F2,36.9438,-89.6995
F2,29.3312,-95.3362
F2,27.3052,-81.342
F2,31.8176,-93.8321
F2,38.7295,-85.4339
F2,31.5803,-88.5904
F2,36.351,-94.146
F2,35.843,-94.807
F2,34.626,-97.653
F2,41.26,-101.78
F2,39.4259,-76.9717
F2,40.0221,-82.8191
F2,36.73,-79.47
F2,35.0232,-87.0405
F2,40.1191,-82.1367
F2,35.673,-99.07
F2,35.448,-97.853
F2,40.27,-80.06
F2,35.4448,-77.6878
F2,34.579,-99.657
F2,40.563,-80.653
F2,40.3955,-79.6606
F2,40.5834,-80.8012
F2,31.845,-93.752
F2,31.846,-93.528
F2,32.1962,-93.412
F2,32.8145,-92.7119
F2,32.9628,-92.4918
F2,30.254,-93.3475
F2,32.235,-93.434
F2,31.7808,-93.714
F2,31.742,-93.5094
F2,38.202,-87.772
F2,30.3266,-91.8536
F2,46.6901,-94.2572
F2,46.5473,-93.9912
