Tornado ID,Date/Time,Latitude,Longitude
55,21/02/1900 14:00,-30.8167,152.5167
56,3/12/1900 8:30,-29.8,149.7833
57,4/12/1900 4:10,-35,148.1167
58,1/01/1901 7:00,-29.8667,150.5667
59,20/11/1901 7:00,-33.8667,144.8834
60,31/12/1901 14:00,-30.4,145.5
61,14/01/1902 14:00,-30.3333,149.7833
62,14/09/1902 14:00,-33.6,148.4
63,26/09/1902 14:00,-35,146.1
64,14/10/1902 14:00,-33.6,148.4
65,8/11/1902 4:00,-33.5,148.5
66,22/11/1902 14:00,-32.85,145.8834
67,14/12/1902 14:00,-33.6,148.4
68,14/01/1903 5:00,-34.0167,150.6833
69,22/01/1903 9:00,-29.5833,152.7333
70,14/04/1903 14:00,-34.6333,148.0333
71,11/10/1903 6:00,-33.1333,148.1833
72,20/12/1903 14:00,-31.3667,150.15
73,19/10/1904 5:00,-30.3167,145.5
74,18/12/1904 14:00,-28.3167,153.4333
75,23/12/1904 14:00,-29.8667,152.45
76,20/01/1905 14:00,-29.8667,150.5667
77,5/01/1906 14:00,-30.3167,151.5333
78,24/01/1906 14:00,-29.2333,146.9167
79,27/03/1906 1:50,-33.8834,151.2167
80,10/09/1906 14:00,-30.0833,145.9334
81,27/11/1906 14:00,-31.1667,146.1333
82,15/12/1907 3:45,-32.9334,151.7667
83,15/01/1908 14:00,-33.8167,149.6
84,29/02/1908 14:00,-33.6,150.75
85,19/09/1908 9:15,-36.0833,146.9334
86,2/01/1909 14:00,-33.1,146.65
87,19/01/1910 14:00,-29.55,148.5833
88,21/01/1910 0:00,-29.8167,149.5667
89,27/01/1910 14:00,-29.9667,146.8667
90,4/11/1910 14:00,-30.9167,142.9334
91,14/12/1910 14:00,-34.4667,149.4833
92,29/09/1911 0:20,-33.2833,148.7333
93,29/12/1911 14:00,-32.9167,147.7
94,26/08/1912 7:45,-33.9,148.1667
95,21/11/1912 1:00,-28.9167,153.5
96,11/01/1913 14:00,-31.5667,143.3667
97,27/01/1913 14:00,-33.6,148.4
98,28/01/1913 14:00,-33.0833,147.15
99,11/11/1913 14:00,-33.7167,149.2167
100,11/11/1913 14:00,-33.8167,151.0167
101,11/11/1913 14:00,-31.5,150.6833
102,12/11/1913 8:00,-31.5667,143.3667
103,14/11/1913 14:00,-33.6,148.4
104,24/12/1913 14:00,-29.55,148.5833
105,27/03/1914 14:00,-33.8167,151.0167
106,2/04/1914 14:00,-33.7667,150.9167
107,17/06/1914 14:00,-29.4667,153.2
108,31/12/1914 0:30,-30.1,148.9667
109,8/01/1916 14:00,-32.5667,151.1667
110,6/03/1916 5:00,-28.9,150.7667
111,20/02/1918 3:45,-31.9,152.4833
112,29/10/1918 14:00,-33.1,148.8667
113,30/11/1919 14:00,-35.65,146.3
114,2/12/1921 9:30,-30.7,150.05
115,30/08/1923 8:00,-33.8834,151.2167
116,21/12/1923 14:00,-32.5667,151.1667
117,5/02/1924 14:00,-31.8667,152.3667
118,11/01/1925 14:00,-34.6333,143.5667
119,24/05/1926 14:00,-34.4667,148.2833
120,23/01/1928 14:00,-32.9334,151.7667
121,17/03/1929 14:00,-28.8333,153.4333
122,9/12/1929 14:00,-30.1,148.9667
123,17/03/1930 14:00,-30.5167,141.8
124,10/07/1930 14:00,-33.8834,151.2167
125,16/12/1930 14:00,-31.0833,150.9334
126,20/01/1931 14:00,-30.5167,151.6667
127,6/10/1931 14:00,-33,149.5667
128,7/11/1931 14:00,-34.5333,149.4
129,31/01/1932 14:00,-32.2333,148.25
130,10/02/1932 14:00,-31.7667,150.8167
131,15/02/1932 14:00,-34.05,151.15
132,7/10/1932 14:00,-30.75,150.7167
133,9/01/1933 14:00,-34.3167,148.3
134,12/03/1933 14:00,-29.15,145.8
135,13/11/1934 14:00,-33.6667,147.8167
136,26/12/1934 20:00,-28.9834,149
137,29/12/1934 14:00,-29.7667,151.1167
138,4/02/1935 14:00,-32.8334,151.35
139,25/01/1937 6:00,-33.8834,151.2167
140,7/12/1937 14:00,-33.8834,151.2167
141,16/04/1938 14:00,-34.8667,147.5833
142,25/10/1938 14:00,-30.3,153.1333
143,22/11/1938 14:00,-35.1167,147.3667
144,26/01/1939 14:00,-34.8667,147.5833
145,19/03/1939 14:00,-30.6667,146.4
146,18/01/1940 14:00,-28.6833,153.5167
147,31/10/1940 5:00,-33.8834,151.2167
148,13/11/1940 14:00,-28.8667,153.5667
149,6/12/1940 14:00,-34.75,146.55
150,23/05/1941 14:00,-33.8834,151.2167
151,7/06/1941 14:00,-33.25,148.9834
152,18/08/1941 9:00,-33.8834,151.2167
153,5/10/1942 14:00,-33.0833,151.5
154,26/11/1942 0:30,-36.9167,149.25
155,25/12/1943 14:00,-32.85,151.2833
156,27/12/1943 14:00,-32.8834,151.25
157,15/01/1944 14:00,-34.0667,150.8167
158,3/07/1944 14:00,-33.2833,149.1
159,14/10/1944 14:00,-31.5,145.5
160,12/11/1944 14:00,-32.8334,151.35
161,29/11/1944 7:00,-33.8834,151.2167
162,5/12/1944 14:00,-33.8834,151.2167
163,20/12/1944 14:00,-33.8834,151.2167
164,20/02/1945 14:00,-33.2833,151.4333
165,26/02/1945 14:00,-31.5,145.5
166,6/03/1945 14:00,-29.6833,152.9334
167,7/04/1945 14:00,-29.0667,153.35
168,17/11/1945 14:00,-33.9334,150.9334
169,6/12/1946 4:40,-33.8834,151.2167
170,13/01/1947 14:00,-29.7667,151.1167
171,19/08/1948 14:00,-30.45,152.9
172,25/08/1948 14:00,-33.8834,151.2167
173,10/01/1949 6:00,-31.0833,150.9334
174,29/09/1949 14:00,-32.9334,151.7667
175,26/11/1949 14:00,-33.8834,151.2167
176,8/01/1950 5:40,-31.0833,150.9334
177,26/05/1950 10:00,-34.1333,148.0833
178,14/06/1950 14:00,-33.8834,151.2167
179,18/07/1951 14:00,-33.6,150.75
180,13/11/1951 14:00,-32.9334,151.7667
181,6/12/1951 14:00,-33.6167,150.7833
182,9/12/1951 14:00,-33.8834,151.2167
183,16/12/1951 1:30,-33.8834,151.2167
184,23/01/1952 3:30,-34.3167,145.4333
185,30/01/1952 14:00,-28.8667,153.05
186,9/02/1952 14:00,-33.8834,151.2167
187,14/08/1952 11:15,-33.8834,151.2167
188,10/01/1953 14:00,-33.3,151.2
189,4/11/1953 14:00,-34.5333,150.3833
190,5/11/1953 5:00,-33.8334,148.6833
191,9/11/1953 14:00,-32.9334,151.7667
192,27/02/1954 14:00,-30.5167,151.6667
193,18/10/1954 4:30,-33.8834,151.2167
194,13/11/1954 14:00,-32.25,148.6167
195,19/11/1954 14:00,-34.0333,151.1
196,1/02/1955 3:30,-30.9834,151.5833
197,22/11/1955 14:00,-33.8167,151.0167
198,6/12/1955 8:50,-32.9334,151.7667
199,20/02/1956 0:30,-33.6,150.75
200,30/10/1956 14:00,-33.8834,151.2167
201,12/12/1956 14:00,-35.6,146.2
202,25/12/1956 14:00,-33.8834,151.2167
203,8/01/1957 14:00,-30.4,152.95
204,9/01/1957 14:00,-33.6,150.75
205,10/01/1957 3:30,-33.75,150.7
206,8/02/1957 8:00,-33.8834,151.2167
207,13/03/1957 7:00,-35.05,144.1333
208,8/07/1957 23:30,-33.8834,151.2167
209,6/10/1957 14:00,-33.8834,151.2167
210,27/10/1957 14:00,-28.1667,153.55
211,8/11/1957 3:00,-34.05,151.15
212,19/11/1957 14:00,-34.05,150.7
213,1/12/1957 14:00,-33.4833,151.3333
214,26/12/1957 14:00,-33.8834,151.2167
215,12/01/1958 14:00,-28.8667,153.05
216,19/01/1958 6:20,-33.8834,151.2167
217,4/03/1958 14:00,-33.8834,151.2167
218,17/03/1959 4:30,-31.9,152.4167
219,3/06/1959 14:00,-34.35,150.9
220,20/07/1959 14:00,-34.9,150.7667
221,19/09/1959 5:30,-33.3167,151.4167
222,24/10/1959 2:30,-33.8834,151.2167
223,30/10/1959 2:50,-33.85,150.9334
224,4/11/1959 3:30,-33.8834,151.2167
225,29/11/1959 14:00,-33.6833,151.05
226,18/12/1959 5:30,-33.8834,151.2167
227,25/12/1959 14:00,-34.2667,150.6833
228,23/09/1960 14:00,-34.3167,148.3
229,2/12/1960 14:00,-33.4,151.75
230,19/02/1961 2:00,-33.8834,151.2167
231,11/06/1961 14:00,-33.8834,151.2167
232,30/11/1961 8:30,-33.8834,151.2167
233,4/02/1962 14:00,-33.6,150.75
234,11/05/1962 14:00,-32.9334,151.7667
235,9/07/1962 2:55,-31.45,152.9167
236,7/11/1962 14:00,-28.8167,153.1667
237,11/11/1962 14:00,-28.8667,153.05
238,3/01/1963 14:00,-28.8167,153.1667
239,4/01/1963 2:00,-30.6667,151
240,22/08/1963 7:30,-35.3333,148.1833
241,28/08/1963 14:00,-33.8334,150.9834
242,16/11/1963 5:00,-33.8834,151.2167
243,25/01/1964 14:00,-31.0333,152.8667
244,22/04/1964 7:00,-33.6,150.75
245,9/06/1964 8:35,-33.8834,151.2167
246,21/06/1964 8:00,-34.8167,147.2
247,30/06/1964 14:00,-34.6333,148.0333
248,15/07/1964 14:00,-33.8834,151.2167
249,23/08/1964 14:00,-33.8834,151.2167
250,23/08/1964 15:30,-31.0167,152.95
251,1/01/1965 14:00,-33.7,150.8667
252,13/05/1965 14:00,-32.9334,151.7667
253,2/11/1965 14:00,-33.35,151.5
254,27/04/1966 5:00,-33.8834,151.2167
255,20/09/1966 14:00,-35.5167,149.0667
256,23/09/1966 3:30,-33.8834,151.2167
257,26/11/1966 14:00,-32.9334,151.7667
258,27/11/1966 6:00,-33.8834,151.2167
259,5/12/1966 5:00,-33.4333,151.4
260,31/12/1966 2:00,-31.45,152.9167
261,28/01/1967 8:00,-35.8167,145.5667
262,14/12/1967 8:15,-33.8834,151.2167
263,7/02/1968 5:15,-33.3,151.2
264,21/11/1968 14:00,-33.8834,151.2167
265,15/04/1969 10:00,-33.8834,151.2167
266,22/12/1969 4:00,-33.6833,151.05
267,1/01/1970 3:45,-32.4167,152.2
268,20/08/1971 17:00,-33.8834,151.2167
269,25/12/1971 6:00,-33.6,150.75
270,15/02/1972 14:00,-33.6167,145.5333
271,16/02/1972 5:45,-34.2167,146.05
272,17/02/1972 6:00,-34.5667,150.8167
273,19/02/1972 0:30,-33.4,149.1
274,2/03/1972 6:10,-35.5167,147.0333
275,6/03/1972 17:00,-33.8834,151.2167
276,6/11/1972 1:15,-30.75,151.4167
277,13/01/1973 14:00,-31.9667,141.45
278,17/04/1973 5:30,-33.8834,151.2167
279,1/05/1973 7:00,-33.0833,151.6333
280,27/06/1973 14:00,-28.8667,153.5667
281,19/10/1973 14:00,-35.2,150.5667
282,29/10/1973 9:30,-35.2,150.5667
283,2/11/1973 3:30,-33.8834,151.2167
284,27/12/1974 14:00,-33.2667,151.5167
285,1/03/1975 23:30,-28.8,153.6
286,2/12/1975 14:00,-35.6333,144.1333
287,4/01/1978 21:45,-33.8834,151.2167
288,11/02/1978 4:30,-33.8834,151.2167
289,31/01/1982 4:16,-32.1667,150.8834
290,15/03/1983 14:00,-32.25,148.6167
291,5/09/1983 6:30,-30.7833,146.6
292,7/09/1983 14:00,-28.1667,153.55
293,14/09/1983 14:00,-33.7,149.85
294,3/10/1983 5:00,-33.95,149.5333
295,19/10/1983 4:45,-34,151
296,7/02/1984 7:00,-33.6833,150.8667
297,7/11/1984 3:45,-33.2833,151.5833
298,7/11/1984 19:00,-33.2333,151.5667
299,7/11/1984 22:00,-33.8834,151.2167
300,10/09/1985 14:00,-31.45,152.9167
301,9/10/1985 2:30,-31.8333,149.7167
302,16/10/1985 14:00,-32.9334,151.7667
303,29/04/1986 14:00,-31.3167,152.8
304,5/08/1986 6:30,-33.8,150.95
305,16/11/1986 14:00,-32.25,148.6167
306,18/11/1986 0:00,-34.85,148.9167
307,20/11/1987 3:30,-31,150.9334
308,20/11/1987 5:18,-29.8167,148.9
309,1/12/1987 8:00,-30.9834,150.25
310,30/12/1987 14:00,-29.05,151.1667
311,11/03/1988 5:15,-29.8167,148.9
312,14/09/1988 16:48,-33.2667,151.5333
313,23/10/1988 14:00,-33.8834,150.6667
314,3/12/1988 14:00,-35.5167,150.4
315,10/12/1988 3:30,-34.8334,145.8333
316,6/11/1989 6:45,-29.8,151.2833
317,6/11/1989 7:30,-29.8,151.2833
318,4/12/1989 16:00,-33.8834,151.2167
319,7/12/1989 5:30,-30.3833,150.6167
320,7/01/1990 7:30,-33.7,149.85
321,12/01/1990 14:00,-30.9334,150.65
322,13/01/1990 3:45,-35.2833,149.1333
323,6/02/1990 20:00,-32.7667,152.0667
324,10/02/1990 3:00,-31.55,149.3833
325,21/12/1991 2:00,-33.3833,148.0167
326,6/02/1992 9:30,-31.2667,149.2833
327,8/08/1992 7:00,-30.7667,151.1167
328,28/10/1992 2:20,-30.2167,151.6667
329,2/11/1992 6:40,-31.1833,150.9167
330,5/12/1992 6:55,-35.2833,149.2167
331,7/12/1992 4:30,-32.3333,148.75
332,7/12/1992 6:00,-31.8167,149.1167
333,13/01/1993 7:05,-30.9834,150.8834
334,18/10/1993 7:00,-31.5333,150.8333
335,18/10/1993 8:00,-30.9834,151.5833
336,20/11/1993 10:20,-29.5833,153.3333
337,3/01/1994 9:10,-32.2667,150.6333
338,26/10/1994 10:00,-31.883,141.992
339,27/10/1994 6:00,-35.35,146.32
340,20/11/1994 6:30,-33.8683,151.2167
341,25/11/1994 4:30,-33.17,147.28
342,28/01/1995 5:30,-31.68,145.48
343,28/01/1995 9:00,-35.32,149.12
344,16/04/1995 9:50,-36.91,149.9
345,20/11/1995 1:50,-29.62,149.38
346,30/11/1995 6:00,-35.67,147.87
347,29/09/1996 3:30,-31.72,148.67
348,29/09/1996 3:30,-32.12,149.03
349,29/09/1996 6:00,-31.5,148.9
350,30/06/1998 18:00,-32.75,152.17
351,27/07/1998 9:30,-31.75,150.7
352,3/11/2000 5:00,-33.49,150.56
353,5/11/2000 5:40,-28.55,153.29
354,5/11/2000 6:25,-28.4,153.3
355,18/11/2001 2:35,-33.61,151.32
356,18/11/2001 5:00,-33.97,150.8
357,18/11/2001 5:15,-34.05,151.15
358,2/02/2002 9:15,-29.47,149.84
359,7/02/2002 4:00,-30.47,152.33
360,8/02/2002 3:30,-34.92,150.69
361,26/03/2002 7:10,-35.48,149.92
362,13/10/2002 8:30,-31.39,151.4
363,29/05/2003 2:45,-32.799,151.635
364,30/06/2003 6:30,-32.898,151.585
365,10/07/2003 6:20,-28.81,153.26
366,6/10/2003 2:30,-33.95,148.08
367,21/11/2003 4:00,-30.098,148.968
368,4/12/2003 5:00,-33.707,151.118
369,13/01/2004 3:00,-34.715,150.001
370,18/03/2004 7:15,-28.33,153.383
371,20/01/2005 1:00,-35.46,149.1
372,19/02/2005 8:20,-29.62,149.38
373,13/10/2005 7:15,-35.25,147.34
374,3/11/2005 5:00,-30.74,151.53
375,5/11/2005 0:30,-33.19,149.01
376,1/12/2005 5:30,-29.5,151.3
377,1/12/2005 8:40,-29.05,152.02
378,20/02/2006 3:45,-29.95,151.61
379,4/08/2006 6:00,-33.982,151.235
380,7/11/2006 8:00,-30.22,151.67
381,1/03/2007 6:22,-29.5,151.3
382,26/10/2007 5:45,-28.67,153.32
383,26/10/2007 5:46,-28.67,153.32
384,26/10/2007 5:47,-28.67,153.32
385,21/12/2007 4:00,-34.22,144.46
390,14/11/1901 0:00,-37.8,145
391,15/11/1901 0:00,-37.6,144.2
392,15/07/1904 0:00,-36.9,145.2
393,22/12/1910 0:00,-37.7,144.9
394,30/04/1911 0:00,-36.5,144.2
395,27/09/1911 0:00,-36.7,144
396,27/09/1911 0:00,-36.7,144.1
397,26/01/1914 0:00,-37.7,143
398,15/01/1915 0:00,-35.9,145.5
399,12/09/1916 0:00,-38.4,142.5
400,14/10/1917 0:00,-38.05,145.3
401,2/02/1918 0:00,-37.9,145
402,18/02/1919 0:00,-36.7,145.6
403,9/01/1921 0:00,-38.1,144.6
404,16/05/1923 0:00,-37.8,145
405,18/05/1923 0:00,-37.8,145
406,21/08/1925 0:00,-35.4,143.5
407,22/07/1926 0:00,-37.9,143.3
408,23/07/1926 0:00,-38.2,144.3
409,22/12/1926 0:00,-36.8,144.3
410,19/06/1927 0:00,-37.6,144
411,25/12/1929 0:00,-36.8,144.5
412,8/01/1931 0:00,-36,144.1
413,14/05/1931 0:00,-36.8,144.3
414,30/12/1931 0:00,-37.1,144.6
415,15/06/1932 0:00,-37.1,143.5
416,27/12/1932 0:00,-36.3,145
417,21/11/1933 0:00,-37.9,145.1
418,22/03/1934 0:00,-37.9,145
419,8/11/1934 0:00,-35.1,142.9
420,8/11/1934 0:00,-36.8,141.4
421,28/11/1934 0:00,-36.3,141.6
422,23/06/1935 0:00,-37.7,145
423,15/09/1935 0:00,-36.3,145
424,3/12/1935 0:00,-37.7,148.5
425,29/12/1936 0:00,-37.5,144.6
426,1/01/1937 0:00,-36.45,143.48
427,18/01/1937 0:00,-37.8,145
428,18/01/1937 0:00,-36.8,144.3
429,3/02/1938 0:00,-37.8,145
430,13/02/1938 0:00,-36.9,143.7
431,22/02/1938 0:00,-36.7,142
432,26/02/1938 0:00,-38,145
433,26/06/1938 0:00,-36.1,145.7
434,9/12/1938 0:00,-37.8,145
435,23/02/1939 0:00,-37.6,143.7
436,15/04/1940 0:00,-38,145.1
437,6/12/1940 0:00,-36.7,142.1
438,27/12/1940 0:00,-36.7,144.1
439,10/06/1942 0:00,-34.2,142.1
440,31/10/1943 0:00,-36.7,144.3
441,17/11/1943 0:00,-38.3,144.6
442,17/11/1943 0:00,-37.4,143.8
443,20/07/1946 0:00,-36.6,145.9
444,3/02/1948 0:00,-37,145.1
445,11/02/1948 0:00,-37.7,145
446,16/02/1948 0:00,-36.3,143.7
447,17/02/1948 0:00,-36.4,143.6
448,10/12/1951 0:00,-36.7,142.2
449,3/06/1952 0:00,-36.1,146.5
450,8/05/1954 0:00,-37.8,145.1
451,11/01/1955 0:00,-37.7,144.9
452,11/02/1955 0:00,-36.3,145.01
453,14/02/1955 0:00,-36.9,141.9
454,24/03/1955 0:00,-36.1,143.7
455,27/07/1955 0:00,-36.9,144.1
456,27/07/1955 0:00,-36.1,145.4
457,9/08/1955 0:00,-38.4,141.6
458,2/10/1955 0:00,-36.3,145
459,30/01/1957 0:00,-37.8,145
460,13/03/1957 0:00,-37.8,144.9
461,13/03/1957 0:00,-35.2,143.9
462,13/03/1957 0:00,-37,144.1
463,8/11/1957 0:00,-37.9,145
464,26/07/1958 0:00,-36.4,146.3
465,13/02/1959 0:00,-37.1,145.5
466,13/02/1959 0:00,-36.8,143.9
467,13/06/1959 0:00,-38.3,144.7
468,13/06/1959 0:00,-37.9,145
469,24/09/1960 3:00,-36.08,145.43
470,12/11/1960 0:00,-37.85,147.07
471,11/12/1962 1:00,-37.82,144.97
472,10/08/1964 7:45,-36.08,145.43
473,27/09/1964 0:00,-36.77,143.83
474,9/12/1964 0:00,-37.9,145
475,10/09/1965 0:00,-37.9,145.23
476,19/10/1966 0:00,-36.8,143.7
477,15/09/1967 0:00,-38.15,145.13
478,11/12/1969 5:00,-37.8,145
479,22/03/1970 0:00,-38.2,146.5
480,8/11/1971 7:15,-37.8,147.6
481,21/12/1971 6:30,-37.7,145.1
482,27/01/1973 0:00,-38.4,145.2
483,24/02/1976 0:00,-38.1,144.6
484,2/11/1976 1:25,-38.1,142.4
485,13/11/1976 6:20,-37.2,144.1
486,13/11/1976 7:15,-38.2,144.4
487,4/10/1977 5:00,-38.5,142.2
488,13/09/1978 0:00,-37.7,145.4
489,5/11/1978 4:40,-38.4,145.8
490,7/01/1979 0:00,-36.8,144.3
491,16/10/1984 9:00,-37.82,144.97
492,14/12/1984 5:00,-38.13,144.35
493,22/08/1985 5:30,-36.4,146.7
494,9/03/1989 14:01,-35.98,143.46
495,1/07/1989 11:00,-37.58,141.4
496,22/12/1990 8:40,-37.82,144.97
497,6/08/1991 11:30,-36.55,146.72
498,25/11/1991 5:40,-35.23,140.98
499,25/11/1991 8:15,-35.98,142.92
500,20/12/1992 0:00,-36.45,142.03
501,1/02/1993 0:00,-36.5,144.6
502,3/02/1993 6:00,-37.95,145.55
503,19/02/1993 8:00,-39.02,146.35
504,6/04/1994 7:00,-38.17,145.93
505,10/04/1994 23:00,-37.82,144.97
506,10/05/1994 1:35,-37.87,144.75
507,7/10/1994 7:30,-37.87,142.28
508,29/11/1994 3:32,-38.4,146.17
509,13/07/1995 7:00,-37.2,143.17
510,27/01/1997 3:15,-37.2,142.5
511,27/01/1997 6:40,-36.96,147.7
512,1/03/1997 20:00,-35.92,145.65
513,24/08/1997 4:30,-37.69,148.46
514,4/09/1997 5:45,-37.82,144.97
515,7/09/1997 7:00,-36.44,145.23
516,15/02/1998 22:30,-37.82,144.97
517,8/05/1998 1:45,-38.61,145.6
518,27/01/1999 0:00,-35.35,143.58
519,28/02/1999 7:00,-37.82,144.97
520,2/03/1999 1:30,-38.09,144.34
521,9/01/2000 4:00,-38.09,144.34
522,21/06/2000 7:05,-37.4,145
523,22/06/2000 7:00,-36.36,144.7
524,22/06/2000 7:15,-36.34,145.07
525,8/08/2000 7:40,-37.58,144.71
526,8/08/2000 8:30,-37.73,144.88
527,9/09/2000 7:40,-36.45,146.43
528,4/10/2001 8:20,-38.09,144.34
529,11/11/2001 22:30,-37.82,144.97
530,12/11/2001 16:00,-37.82,144.97
531,2/12/2001 6:00,-38.09,144.34
532,2/12/2001 6:45,-35.33,141
533,7/02/2002 5:00,-37.52,143.78
534,15/02/2002 6:15,-38.09,144.34
535,25/02/2002 7:00,-37.82,144.97
536,25/02/2002 8:00,-36.36,144.7
537,12/08/2002 6:00,-38.5,145.1
538,26/11/2002 5:00,-36.61,147.79
539,13/04/2003 8:00,-38.1,145.8
540,18/05/2003 7:30,-36.72,144.25
541,8/10/2003 1:00,-37.82,144.97
542,21/12/2003 6:20,-37.07,142.79
543,21/12/2003 7:00,-38.1,144
544,18/05/2004 3:30,-37.82,144.97
545,18/05/2004 3:55,-37.82,144.97
546,9/06/2004 10:50,-37.82,144.97
547,14/06/2004 2:30,-37,144.3
548,10/04/2005 4:00,-38.61,145.7
549,3/08/2005 10:00,-38.04,145.08
550,25/12/2006 22:30,-38.105,145.1319
551,26/02/2007 7:00,-37.4076,142.4126
552,14/05/2007 5:00,-38.021,144.4096
553,3/12/2007 0:00,-38.3705,145.7054
554,20/12/2007 2:20,-37.5447,143.3196
555,20/12/2007 4:00,-37.6853,143.3625
556,21/12/2007 1:00,-36.4915,144.6144
557,22/11/1968 10:20,-28.3394,152.2944
558,29/10/1970 4:40,-28.8506,151.4672
559,14/08/1971 11:30,-26.26,152.8683
560,7/11/1971 4:45,-27.5833,152.2
561,28/11/1971 18:00,-26.3833,153.1
562,9/11/1972 14:15,-24.9342,152.2042
563,4/11/1973 8:30,-27.4983,153.0317
564,4/12/1976 6:15,-27.3817,151.9233
565,7/12/1976 7:45,-20.777,145.016
566,21/02/1977 5:00,-27.243,153.102
567,1/12/1978 8:00,-25.6283,151.61
568,20/12/1978 23:23,-28.008,153.387
569,15/12/1980 5:30,-27.5717,153.0081
570,1/06/1981 5:40,-25.6,152.6
571,13/11/1981 7:00,-26.065,153.1
572,19/03/1983 20:00,-28.1467,153.285
573,5/10/1983 15:30,-26.655,153.104
574,27/10/1985 5:00,-27.2286,153.1081
575,9/03/1986 6:00,-27.6,153.15
576,13/03/1988 16:30,-23.2666,150.8333
578,24/12/1989 3:00,-27.207,153.072
579,29/11/1992 4:40,-25.53,152.76
580,29/11/1992 5:30,-24.98,152.2
581,20/01/1995 14:50,-25.26,152.82
582,1/12/1995 8:00,-27.51,151.95
583,23/12/1995 8:00,-23.38,150.48
584,11/12/1996 1:50,-27.25,151.6
585,24/02/1997 5:30,-21.5,149.2
586,1/05/1999 2:00,-28.01,149.73
587,8/11/1999 6:30,-26.35,152.73
588,10/12/1999 7:00,-27.45,153.03
589,2/11/2000 4:30,-23.342,150.519
590,26/11/2000 8:30,-23.663,143.994
592,7/11/2001 5:00,-27.66,152.47
636,11/01/1901 3:00,-34.85,138.65
637,2/03/1901 0:00,-34.25,139.1
638,13/11/1901 0:00,-33.7,136.49
639,26/12/1903 0:00,-34.59,138.74
640,26/12/1903 0:01,-34.45,138.35
641,26/12/1903 1:30,-34.85,138.65
642,26/12/1903 4:30,-33.96,137.72
643,18/10/1904 5:10,-33.09,138.21
644,18/10/1904 6:00,-34.53,138.95
645,18/10/1904 8:45,-34.19,138.15
646,16/07/1906 9:30,-34.85,138.65
647,20/07/1906 5:00,-37.83,140.78
648,27/12/1907 0:00,-34.17,140.75
649,4/11/1910 7:30,-29.65,138.06
650,26/01/1911 2:30,-36.03,140.58
651,3/07/1912 0:00,-35.22,138.73
652,22/12/1913 6:30,-32.87,137
653,20/02/1915 5:00,-36.87,140.93
654,29/06/1915 9:00,-34.19,138.15
655,24/11/1916 0:00,-33.69,138.94
656,11/05/1917 23:15,-35.52,138.22
657,15/05/1920 2:30,-34.85,138.65
658,15/09/1921 17:30,-34,138.45
659,30/06/1922 1:00,-34.85,138.65
660,22/09/1922 7:30,-34.85,138.65
661,25/09/1922 8:00,-33.93,137.63
662,16/07/1923 8:00,-36.31,140.77
663,14/10/1924 7:00,-34.76,138.64
664,14/10/1924 9:00,-34.25,140.46
665,21/05/1926 0:30,-34.76,138.64
666,16/08/1926 13:10,-34.85,138.65
667,4/06/1928 22:15,-34.85,138.65
668,23/04/1930 5:25,-34.64,135.85
669,11/06/1931 1:35,-34.85,138.65
670,6/11/1934 0:00,-33.05,138.43
671,7/11/1934 0:00,-36.13,140.7
672,7/11/1934 0:01,-36.13,140.7
673,26/06/1945 3:30,-34.85,138.65
674,20/08/1945 14:20,-34.85,138.65
675,24/04/1947 0:00,-37.83,140.78
676,28/05/1952 17:50,-34.85,138.65
677,14/10/1952 19:30,-34.85,138.65
678,30/07/1953 15:00,-35.4,138.42
679,10/09/1953 2:00,-37.83,140.78
680,22/10/1954 21:00,-34.85,138.65
681,1/10/1955 0:00,-35.35,138.62
682,4/03/1956 6:30,-31.97,133.76
683,14/04/1956 17:30,-34.85,138.65
684,17/07/1958 5:15,-34.85,138.65
685,17/07/1958 5:16,-34.85,138.65
686,17/07/1958 5:17,-34.85,138.65
687,1/04/1959 0:00,-35.02,137.6
688,27/11/1959 6:30,-34.52,137.77
689,29/05/1960 7:00,-34.76,138.64
690,13/05/1961 1:00,-35.019,138.536
691,13/05/1961 2:30,-34.984,138.535
692,16/12/1961 14:00,-32.71,138.78
693,16/12/1961 14:00,-37.29,140.82
694,22/05/1962 8:15,-34.876,138.538
695,27/07/1963 20:35,-34.85,138.65
696,10/07/1964 6:45,-35,138.5
697,11/07/1964 5:00,-34.63,135.45
698,18/07/1964 23:45,-34.67,138.56
699,13/05/1965 1:15,-34.8,138.5
700,23/05/1965 0:00,-37.25,140.43
701,4/09/1965 6:00,-33.91,136.57
702,4/09/1965 7:30,-34.67,138.56
703,4/09/1965 8:45,-33.4667,138.45
704,30/09/1968 2:30,-34.85,138.65
705,30/09/1968 4:00,-34.85,138.65
706,11/02/1970 5:30,-34.44,140.6
707,11/02/1970 5:40,-34.44,140.6
708,18/04/1971 2:10,-34.8,138.7
709,20/08/1971 6:30,-34.09,138.78
710,27/01/1973 6:45,-32.48,137.74
711,30/01/1973 7:00,-36.41,140.82
712,18/10/1973 7:30,-34.18,139.98
713,18/10/1973 7:50,-33.83,138.65
714,25/03/1974 4:30,-33.96,137.72
715,30/03/1974 9:00,-35.07,140.84
716,14/05/1974 3:15,-34.25,139.1
717,7/01/1975 8:30,-33.36,138.4
718,24/01/1975 7:30,-34.63,135.45
719,14/03/1975 12:00,-35.06,138.71
720,22/11/1975 0:00,-33.2,138.6
721,22/11/1975 4:40,-33.21,137.36
722,12/11/1976 7:00,-34.85,138.65
723,15/12/1976 6:30,-34.8,138.5
724,20/08/1977 19:45,-36.95,140
725,1/10/1977 6:00,-31.93,133.01
726,23/01/1978 5:45,-30.45,137.17
727,13/09/1978 7:15,-34.72,138.74
728,1/03/1979 7:30,-34.07,137.59
729,1/03/1979 9:00,-34.85,139.16
730,29/05/1979 0:55,-34.6,138.7
731,13/06/1981 14:15,-35.7,137.6
732,23/06/1981 11:30,-33.96,137.72
733,7/09/1983 10:00,-33.6,137.9
734,10/09/1983 16:00,-37.6,140.3
735,24/11/1983 6:30,-31.03,137.05
736,31/12/1983 1:45,-34.53,138.69
737,22/05/1984 4:15,-35.88,137.31
738,8/08/1984 17:00,-33.7,134.9
739,6/12/1985 4:00,-34.44,140.6
740,30/11/1986 7:15,-29,134.8
741,6/12/1986 5:45,-35.4,138.4
742,18/02/1987 13:00,-33.8,138.6
743,18/02/1987 16:00,-34.4,138.3
744,21/06/1987 3:30,-34.8,138.7
745,19/11/1987 3:30,-36.4,140.9
746,19/11/1987 3:30,-35.3,140.9
747,31/12/1987 2:40,-36.72,140.17
748,29/03/1988 7:30,-33.7,136.5
749,5/05/1988 8:45,-34.2,140.7
750,30/08/1988 7:20,-34.9,138.6
751,9/12/1988 3:30,-33.7,136.5
752,5/07/1989 14:00,-33.59,136.23
753,5/07/1989 15:00,-35.1,138.6
754,1/12/1989 2:00,-30.45,136.87
755,14/08/1990 6:30,-34.7,138.7
756,3/01/1991 0:30,-37.11,140.73
757,3/01/1991 2:15,-35.1,139.9
758,22/01/1991 7:30,-33.4,138.1
759,22/01/1991 7:40,-33.6,138.5
760,22/01/1991 16:00,-33,138
761,16/06/1991 3:30,-35.4,138.3
762,28/06/1991 13:30,-37,140.4
763,20/08/1991 9:30,-34.9,139
764,4/04/1992 5:40,-37.57,140.7
765,9/06/1992 8:30,-37.47,140.76
766,9/06/1992 11:00,-36.61,140.71
767,11/08/1992 21:00,-34.75,138.612
768,11/08/1992 21:30,-34.05,138.64
769,20/11/1992 4:40,-33,138.3
770,20/11/1992 6:00,-34.665,138.625
771,19/09/1993 3:20,-34.53,139.04
772,30/09/1993 6:50,-34.22,140.7
773,17/11/1993 5:15,-34.24,140.47
774,25/05/1994 3:15,-34.612,138.736
775,7/10/1994 7:00,-37.64,140.38
776,24/05/1995 22:45,-35.8,137.23
777,10/06/1995 2:00,-34.59,138.74
778,21/07/1995 7:30,-33.7,138.1
779,21/07/1995 8:00,-34.3,138.8
780,21/07/1995 8:15,-34.3,135.7
781,22/06/1996 8:05,-34.88,138.98
782,2/08/1996 21:00,-35.56,138.6
783,28/09/1996 7:30,-30.31,139.33
784,30/10/1997 21:35,-35.71,139.64
785,30/10/1997 23:45,-36.13,140.7
786,5/06/1998 16:00,-34.85,138.65
787,8/07/1998 1:00,-35.72,137.94
788,8/07/1998 2:50,-34.89,138.64
789,22/09/1998 10:15,-35.2,138.73
790,22/09/1998 11:00,-34.359,138.378
791,22/09/1998 12:45,-33.92,138.73
792,17/10/1998 5:50,-34.12,138.86
793,17/06/1999 8:15,-35.29,138.46
794,18/07/1999 7:00,-35.603,138.569
795,18/07/2000 17:00,-33.1,138.3
796,20/07/2000 9:15,-37.43,140.08
797,20/07/2000 9:30,-37.49,140.28
798,20/07/2000 10:55,-36.97,139.72
799,20/07/2000 11:05,-35.2,138.97
800,23/07/2000 20:30,-34.85,138.65
801,24/07/2000 6:30,-35.27,138.48
802,7/08/2000 22:20,-36.95,140
803,1/09/2000 7:35,-37.83,140.78
804,6/09/2000 23:00,-34.85,138.65
805,5/05/2001 2:20,-37.88,140.73
806,7/08/2001 3:30,-34.85,138.65
807,7/09/2001 20:15,-33.1,135.35
808,17/05/2002 20:45,-34.39,135.47
809,18/05/2002 0:45,-34.85,138.65
810,18/05/2002 12:30,-34.6,138.51
811,15/06/2002 7:00,-33.7,138.1
812,23/11/2002 4:30,-34.33,136.08
813,25/11/2002 7:45,-35.11,138.63
814,25/11/2002 8:40,-35,138.94
815,2/02/2003 0:00,-34.22,140.18
816,4/06/2003 14:10,-34.85,138.65
817,4/06/2003 14:30,-34.36,138.68
818,5/06/2003 17:30,-37.83,140.78
819,27/06/2003 8:30,-33.83,138.8
820,19/11/2003 5:45,-33.47,138.44
821,19/11/2003 6:20,-34.27,138.55
822,19/11/2003 8:30,-37.49,140.28
823,12/06/2004 18:00,-34.26,135.73
824,30/06/2004 3:05,-36.82,140.38
825,2/08/2004 0:30,-33.75,135.19
826,2/08/2004 7:00,-34.85,138.65
827,3/08/2004 0:50,-36.82,140.38
828,13/08/2004 0:45,-35.52,138.22
829,10/12/2004 5:00,-35.12,139.28
830,3/01/2005 4:30,-33.02,138
831,3/01/2005 5:30,-34.5,139.05
832,10/06/2005 10:00,-34.95,139.55
833,10/06/2005 10:30,-35.1,139.9
834,18/06/2005 10:30,-31.1,138.68
835,19/06/2005 3:10,-35.67,137.07
836,21/06/2005 4:30,-34.55,135.48
837,21/06/2005 6:30,-35.22,138.54
838,21/06/2005 6:40,-34.85,138.65
839,6/05/2006 12:00,-36.81,139.08
840,20/05/2007 19:50,-35.21,138.47
841,4/07/2007 0:00,-34.36,135.45
842,4/07/2007 11:30,-35.12,139.28
843,1/04/2008 20:01,-35.59,138.53
844,16/06/1954 14:00,-32.71,116.1
845,2/08/1959 2:00,-33,116.91
846,31/12/1959 7:00,-32.25,116.02
847,5/04/1960 20:00,-33.4,116.1
848,24/01/1961 16:00,-31.8,116.4
849,26/07/1961 7:30,-33.5,115.8
850,11/02/1962 7:30,-31.1,120.6
851,11/02/1962 16:00,-26.6,120.2
852,14/03/1963 16:00,-34.6,117.7
853,26/06/1963 3:00,-32.5,115.77
854,19/08/1963 15:40,-31.95,115.8
855,10/12/1963 9:15,-31.7,116.7
856,24/02/1964 9:00,-29.4,116.3
857,11/06/1964 16:00,-32.1,115.8
858,15/06/1964 3:50,-32.5,115.7
859,15/06/1964 4:20,-33.5,116
860,16/06/1964 4:20,-33.8,117.4
861,10/07/1964 16:00,-33.7,115.3
862,18/02/1966 8:00,-32.5,117.1
863,18/02/1966 8:30,-31.5,118.3
864,26/08/1966 3:50,-32.5,115.7
865,30/01/1967 16:00,-33.8,116
866,2/04/1967 2:30,-32.1,115.8
867,8/05/1967 8:35,-33.3,115.8
868,11/06/1967 5:30,-31.9,115.8
869,19/07/1967 4:40,-32,115.9
870,1/09/1967 11:00,-33.1,115.9
871,8/10/1967 9:30,-33.7,115
872,5/12/1967 11:10,-33.3,115.6
873,8/06/1968 0:10,-32.2,115.7
874,12/06/1968 2:10,-32.1,115.8
875,9/09/1968 19:20,-32,116
876,8/04/1969 16:00,-34.3,115.1
877,21/06/1970 23:00,-33.6,115.5
878,27/06/1970 6:30,-34.3,116.1
879,12/05/1972 23:30,-31.2,116.8
880,16/07/1975 14:00,-32.1,116
881,28/07/1975 9:00,-32.7,116.1
882,17/12/1975 8:30,-20.4,118.6
883,21/12/1977 9:00,-31.7,116.7
884,14/02/1978 6:00,-30.84,116.38
885,22/01/1979 7:30,-31.7,116.7
886,11/11/1981 10:00,-31.6,117.3
887,8/06/1982 10:00,-32.3,115.76
888,29/11/1982 6:00,-32.46,123.86
889,11/08/1983 15:00,-33.4,115.7
890,22/08/1983 13:45,-32.1,115.8
891,3/09/1983 0:00,-31.9,115.85
892,24/08/1986 5:00,-32.3,115.8
893,9/11/1986 8:10,-30.8,128.1
894,7/04/1987 0:00,-32.9,116.5
895,7/04/1987 9:00,-35,116.7
896,12/08/1987 3:00,-32.5,115.7
897,27/07/1989 8:30,-32.6,115.9
898,1/08/1992 9:00,-28.06,116.65
899,11/03/1993 8:00,-27.39,115.96
900,3/09/1993 11:15,-34,115.1
901,6/09/1993 1:40,-31.7,115.7
902,22/09/1993 9:00,-32.52,115.75
903,22/05/1994 6:30,-32.15,116.05
904,28/05/1994 22:40,-31.04,115.37
905,28/05/1994 22:50,-33,114.59
906,28/05/1994 23:50,-31.75,116.8
907,29/05/1994 2:00,-34.8,118
908,17/12/1994 8:20,-29.57,116.06
909,27/01/1995 10:50,-34.37,117.08
910,24/02/1995 8:30,-20.31,118.6
911,28/03/1995 9:00,-28.2,113.6
912,28/04/1995 2:00,-28.16,114.65
913,23/05/1995 3:50,-31.935,115.786
914,7/06/1995 7:30,-33.722,117.675
915,7/06/1995 7:30,-31.44,118.52
916,7/06/1995 9:45,-32.783,118.432
917,8/06/1995 10:45,-31.827,115.772
918,8/06/1995 11:30,-32.054,115.745
919,24/06/1995 19:20,-34.694,117.534
920,7/07/1995 12:43,-33.495,115.86
921,7/07/1995 13:30,-33.89,16.191
922,7/07/1995 15:03,-32.517,115.728
923,24/07/1995 12:50,-31.85,115.75
924,24/12/1995 15:23,-33.8,116.5
925,7/02/1996 7:30,-28.3,117.4
926,15/06/1996 5:00,-32.5,115.77
927,21/06/1996 3:30,-32.72,116.06
928,26/06/1996 22:30,-31.961,115.778
929,15/07/1996 12:30,-32,115.85
930,5/09/1997 0:00,-31.5,115.8
931,5/09/1997 0:00,-32,116.5
932,5/09/1997 5:45,-33.2,118
933,11/09/1997 3:45,-33.58,119.56
934,12/11/1997 9:45,-31.25,126
935,24/11/1997 9:00,-20.2,120.21
936,10/03/1998 21:45,-33.8,116.3
937,17/04/1998 0:00,-31.5,116.4
938,7/06/1998 16:00,-34,115.8
939,7/06/1998 17:30,-31.1,117.8
940,7/06/1998 17:30,-31.5,117.4
941,7/06/1998 17:30,-32.5,117.4
942,7/06/1998 19:00,-31,119.3
943,7/06/1998 19:00,-31.2,119.5
944,5/08/1998 2:30,-31.5,116.5
945,5/08/1998 2:30,-31.4,116.3
946,28/08/1998 7:00,-31.3,117
947,26/09/1998 14:20,-31.87,116.04
948,28/11/1998 7:50,-31.91,117.23
949,22/01/1999 8:00,-31.6,116.11
950,17/06/1999 12:15,-32.3,115.71
951,22/06/1999 5:00,-33.3,115.7
952,13/07/1999 5:00,-32.28,115.73
953,13/07/1999 18:00,-34.4,117.7
954,24/08/1999 22:00,-32.05,115.76
955,2/09/1999 3:30,-34.1,116.7
956,7/10/1999 2:30,-33.4,117.34
957,20/06/2000 3:00,-31.7,116
958,30/06/2000 13:30,-32.05,115.75
959,12/07/2000 23:00,-32.06,115.96
960,9/01/2001 8:30,-29.5,117.3
961,28/02/2001 6:00,-29.9,116.5
962,5/03/2001 16:15,-20.37,118.6
963,5/05/2001 21:45,-33.5,115.7
964,5/05/2001 22:00,-28.3,114.6
965,23/08/2001 3:20,-33.95,115.19
966,23/08/2001 7:30,-32.05,115.98
967,29/09/2001 6:00,-32.13,116
968,19/10/2001 9:30,-27.39,115.97
969,17/01/2002 0:00,-32,119
970,2/05/2002 12:10,-28.3461,114.6361
971,12/06/2002 19:00,-32.28,115.76
972,17/10/2002 5:00,-32.24,115.7
973,17/10/2002 14:30,-32.1,116
974,31/10/2002 14:30,-32,115.9
975,28/12/2002 10:20,-33.37,120.88
976,26/06/2003 20:40,-31.95,115.81
977,26/06/2003 22:30,-32.5,115.75
978,29/06/2003 5:40,-32,115.87
979,17/12/2003 6:50,-31.552,116.468
980,28/01/2004 7:15,-33.676,116.597
981,12/02/2004 8:15,-30.917,118.2
982,18/02/2004 9:45,-30.917,118.22
983,9/05/2004 0:00,-33.852,115.095
984,6/06/2004 6:30,-33.4,115.754
985,3/07/2004 6:00,-32.365,115.981
986,5/07/2004 21:30,-33.955,115.075
987,7/07/2004 1:30,-32.1207,115.8978
988,11/07/2004 3:00,-33.317,115.638
989,23/11/2004 5:15,-33.44,116.904
990,25/12/2004 12:00,-30.59,116.76
991,8/01/2005 11:45,-31.871,115.814
992,15/05/2005 22:10,-32.033,115.7853
993,15/05/2005 22:19,-33.327,115.64
994,15/05/2005 22:30,-32.044,115.988
995,15/05/2005 22:30,-32.34,115.9568
996,15/05/2005 23:00,-31.541,116.319
997,16/05/2005 0:00,-33.53,116.783
998,19/05/2005 0:00,-33.382,121.118
999,21/05/2005 6:35,-31.992,115.743
1000,22/05/2005 7:45,-31.906,115.896
1001,16/07/2005 5:30,-32.21,117.03
1002,20/07/2005 10:20,-33.34,115.64
1003,1/08/2005 9:30,-33.314,115.712
1004,16/08/2005 1:30,-29.949,114.98
1005,17/08/2005 6:00,-32.212,115.931
1006,5/09/2005 11:45,-32.85,115.92
1007,5/09/2005 12:30,-31.887,115.907
1008,5/09/2005 12:30,-32.073,115.893
,,,
,,,
,,,
1009,5/09/2005 13:00,-30.441,115.386
1010,16/09/2005 17:40,-33.852,115.095
1011,16/09/2005 20:00,-31.934,115.764
1012,16/09/2005 20:00,-31.789,115.739
1013,8/01/2006 8:30,-32.61,121.63
1014,11/02/2006 9:00,-31.3,116.83
1015,25/04/2006 3:50,-32.09,115.83
1016,25/04/2006 3:50,-32.12,115.79
1017,6/08/2006 17:30,-33.245,115.725
1018,23/07/2007 11:00,-32.31,115.75
1019,23/07/2007 13:30,-31.63,117.01
1020,11/09/2007 21:00,-31.87,115.79
1021,16/12/2007 7:00,-29.92,116.53
1022,16/04/2008 5:30,-34.03,115.1
1023,31/05/2008 0:00,-33.652,115.335
1024,9/06/2008 23:30,-32.29,115.72
1025,14/10/1928 2:20,-41.1,146.82
1026,2/04/1930 7:00,-41.1,146.82
1027,17/05/1958 0:00,-41.35,146.25
1028,17/05/1958 13:00,-41.19,147.5
1029,19/08/1964 0:00,-42.88,147.33
1030,21/08/1966 9:10,-41.05,146.76
1031,21/08/1966 9:10,-41.05,146.78
1032,26/11/1966 0:00,-42.97,147.32
1033,27/01/1971 0:00,-42.8,147.37
1034,19/02/1973 5:10,-41.39,146.368
1035,15/11/1986 0:00,-41.58,148.2
1036,28/03/1987 14:00,-41.23,146.42
1037,28/03/1987 14:00,-41.15,146.53
1038,20/10/1990 18:00,-41.18,146.38
1039,21/10/1990 0:00,-40.74,148.11
1040,8/09/1991 3:00,-41.58,146.83
1041,3/07/1992 0:00,-41.41,147.12
1042,21/11/1992 17:00,-40.85,145.12
1043,15/12/1992 0:00,-41.98,146.72
1044,25/01/1996 17:30,-41.35,146.3
1045,17/03/1996 0:00,-42.88,147.33
1046,28/01/1947 8:30,-19.64,134.18
1047,9/01/1989 7:15,-19.6364,134.1814
1048,15/01/1993 5:00,-23.8083,133.8842
1049,9/10/1995 22:35,-12.46,130.74
1050,18/01/1997 4:30,-25.9,134.9
1051,26/01/1997 7:00,-25.23,133.19
1052,3/12/2000 9:30,-12.7,130.6
1053,27/01/2001 7:00,-21.73,133.76
1054,27/02/2001 6:30,-12.43,130.96
1055,1/10/2001 4:30,-13.74,130.68
1056,16/10/2001 3:30,-24,134
1057,11/02/2002 23:30,-12.65,130.55
1058,28/11/2002 4:30,-25.25,131
1059,22/11/2003 7:00,-16.3,131.5
1060,30/11/2003 5:00,-21.53,133.89
1061,29/09/2004 8:30,-25.84,133.3
1062,20/10/2005 1:00,-21,134.4
1063,1/03/2007 9:00,-13.56,132.27
1064,1/03/2007 9:00,-12.3,132
1065,2/11/2008 4:00,-33.4974,138.6095
1066,11/03/2009 5:00,-34.2628,135.727
1067,28/11/2008 10:30,0,0
1068,23/12/2008 5:00,-36.5151,149.2846
1069,22/01/2009 7:00,0,0
1070,2/05/2009 8:30,-33.341,151.508
1071,27/06/2008 6:30,-32.1131,116.0739
1072,21/11/2008 2:00,-33.9658,118.4864
1073,21/05/2009 1:45,-34.2967,117.5542
1074,19/06/2009 2:50,-33.3578,115.6433
1075,24/06/2009 8:30,-33.44,116.9036
1076,22/01/2009 6:00,-37.7041,148.4577
1077,30/06/2009 6:00,-36.9438,143.4705
1078,1/07/2009 5:50,-38.2964,143.2928
1079,25/08/2009 1:00,-36.493,144.6131
1080,5/06/2009 3:00,-27.6401,152.5997
1083,25/11/2002 23:30,-17.445,141
1084,24/12/2001 10:30,-41.41,147.12
1085,7/10/2002 0:00,-42.83,146.99
1087,16/02/2010 6:00,-17.36,145.59
1088,15/05/2004 13:00,-41.178,146.359
1089,13/06/2009 17:45,-36.8322,139.8538
1090,4/02/2010 5:45,-30.5151,151.665
1091,2/06/2010 21:30,-28.7984,153.5845
1092,14/04/2009 22:26,-41.163,147.51
1093,14/04/2009 22:25,-41.217,147.696
1094,27/02/2010 5:15,-36.3632,144.6995
1095,26/10/2003 2:00,-28.582,151.928
1097,13/09/2010 5:48,-36.356,141.3433
1098,10/08/2010 6:30,-36.0985,144.7513
1099,26/10/2003 6:10,-25.5115,152.0461
1100,28/10/2003 1:20,-28.819,151.788
1101,22/05/2010 12:00,-33.0778,115.8944
1102,26/05/2010 22:00,-32.2814,115.7269
1103,8/07/2010 22:00,-32.0486,115.9208
1104,9/07/2010 14:00,-32.5294,115.7233
1105,31/10/2003 8:00,-26.19,152.27
1106,25/01/2004 6:30,-27.6042,152.82
1107,29/01/2004 7:00,-27.08,152.77
1108,30/01/2004 6:20,-27.7162,153.2022
1109,6/12/2003 6:50,-24.6287,151.9141
1110,28/02/2011 8:15,-31.9652,141.4513
1111,8/12/2010 2:05,-31.9652,141.4513
1112,23/11/2010 7:30,-20.7307,143.1426
1113,1/12/2010 2:38,-31.4985,145.8346
1114,25/12/2010 1:00,-21.3,149.2
1115,19/01/2011 7:20,-29.6484,152.8011
1116,10/08/2010 0:00,-36.1298,144.7508
1117,3/02/2011 7:20,-36.9015,143.9795
1118,4/02/2011 5:00,-37.8436,144.974
1119,6/10/2010 4:30,-36.7924,143.5519
1120,7/11/2010 5:05,-37.4248,144.5612
1121,4/02/2011 6:22,-36.3613,144.6985
1122,28/02/2011 8:36,-31.9652,141.4513
1123,23/05/2011 9:30,-25.52,152.68
1125,17/10/2004 7:00,-26.7498,150.5944
1126,9/11/2004 4:00,-26.95,149.9
1127,2/10/2010 6:00,-35.3317,148.8012
1128,7/12/2004 8:40,-27.249,149.6772
1129,27/01/2005 6:40,-17.0675,145.673
1130,4/09/2010 7:00,-37.216,145.1053
1131,25/11/2005 12:00,-24.9643,151.1336
1132,27/11/2005 5:30,-27.192,152.9845
1133,30/11/2005 1:45,-17.55,145.7
1134,8/12/2005 5:00,-18.76,138.71
1135,11/02/2011 8:30,-12.9,132.5167
1139,19/12/1910 0:00,-27.5131,152.3603
1140,20/01/1914 0:00,-24.8662,152.3494
1141,4/04/1914 0:00,-27.7079,151.8633
1142,17/09/1920 0:00,-26.4018,146.2384
1143,9/01/1926 0:00,-31.0317,152.9511
1144,23/04/1932 0:00,-26.1901,152.6655
1145,8/01/1934 0:00,-27.5773,152.8775
1146,30/01/1935 0:00,-27.5401,153.0677
1147,21/02/1936 0:00,-28.5834,148.2278
1148,22/02/1936 6:00,-27.6776,153.1344
1149,9/12/1936 2:00,-26.322,152.6747
1151,28/10/1937 0:00,-28.2081,151.5656
1152,13/11/1945 0:00,-23.8456,151.1291
1153,14/11/1946 6:00,-23.5557,145.2889
1154,14/11/1946 14:00,-23.5557,145.2889
1155,14/10/1949 0:00,-20.844,144.1986
1156,15/11/1949 5:00,-16.9971,145.4231
1158,10/03/1951 3:30,-26.4018,146.2384
1159,27/12/1954 6:00,-28.2154,152.0353
1160,7/01/1955 0:00,-25.7948,146.5859
1161,11/01/1955 0:00,-27.4679,153.028
1162,9/02/1956 0:00,-27.4679,153.028
1163,17/01/1957 0:00,-27.9326,151.9055
1164,11/12/1962 0:00,-27.4679,153.028
1165,12/01/2011 1:20,-12.9,131.19
1166,9/12/1979 0:00,-27.5518,151.8316
1168,16/12/1980 0:00,-27.2712,153.0697
1169,16/12/1980 0:00,-27.5706,152.9872
1174,29/11/1996 0:00,-27.6726,152.7825
1175,1/01/1997 5:30,-23.295,150.373
1176,8/04/1998 0:00,-24.094,150.326
1178,1/01/2000 0:00,-24.8662,152.3494
1181,26/04/2001 0:00,-24.201,150.372
1182,26/10/2004 6:30,-27.3833,152.7833
1183,3/01/2006 9:00,-28.2154,152.07
1184,16/12/2006 0:00,-25.2365,152.2774
1185,10/01/2007 6:00,-26.9334,151.4522
1186,26/01/2007 6:50,-27.7209,152.3753
1188,29/10/2011 23:13,-30.6317,150.6678
1189,8/11/2011 1:20,-36.9151,149.2346
1190,1/10/2011 13:45,-37.0561,146.0867
1191,28/10/2011 7:00,-37.6604,145.3731
1192,25/12/2011 6:05,-37.6572,144.2306
1193,25/12/2011 6:50,-37.6471,145.0288
1194,11/01/2012 0:12,-37.8446,145.2668
1195,25/12/2011 6:40,-37.6664,144.8458
1196,27/02/2012 4:40,-34.1942,142.1559
1197,27/02/2012 4:40,-34.2316,142.0815
1198,6/04/2012 7:35,-38.0755,144.3574
1199,22/04/2012 6:34,-36.4703,145.6305
1200,8/04/2012 9:45,-33.6901,151.1096
1201,16/03/2012 5:55,-30.5026,151.6372
1202,24/05/2012 5:30,-37.1503,142.7567
1203,16/06/2012 7:00,-37.7043,142.1095
1204,23/04/2012 3:30,-41.166,146.553
1205,28/10/2011 0:00,-34.3039,140.5192
1206,8/11/2011 0:00,-34.1726,140.7431
1209,29/06/2012 8:00,-34.7883,138.4957
1210,29/06/2012 7:00,-34.8684,138.6498
1211,14/07/2010 10:00,-34.438,138.5096
1212,31/07/2010 17:30,-37.3771,140.8376
1213,31/07/2010 17:30,-37.3427,140.1199
1214,14/10/2010 0:00,-33.2288,138.8863
1215,14/10/2010 0:00,-34.2831,140.6026
1216,7/12/2010 0:00,-34.7804,138.6705
1217,7/06/2012 4:00,-31.9,115.9
1218,7/06/2012 4:00,-31.9,116.8
1219,15/02/2011 17:00,-34.9516,138.8756
1220,11/07/2009 13:30,-35.1476,138.4766
1221,11/07/2009 23:00,-37.2767,139.9703
1222,18/12/2008 9:00,-27.6304,152.6997
1223,15/01/2013 3:50,-24.84,143.06
1224,21/01/2013 8:00,-33.6317,146.9679
1225,21/03/2013 8:40,-35.9152,145.7013
1226,23/02/2013 16:00,-34.6567,150.7012
1227,23/02/2013 16:15,-34.6651,150.8679
1228,23/02/2013 16:25,-34.8151,150.7679
1229,18/11/1906 7:00,-36.75,144.27
1230,18/11/1906 7:00,-36.75,144.27
1231,18/11/1906 7:00,-36.75,144.27
1234,27/03/1914 5:10,-36.75,144.27
1235,21/03/2013 8:30,-35.967,146.032
1236,21/03/2013 19:40,-36.0577,146.4615
1237,21/03/2013 0:00,-36.7489,145.9997
1238,21/03/2013 0:00,-37.0561,146.0867
1239,21/03/2013 0:00,-36.5524,145.9988
1240,21/03/2013 4:00,-35.7323,143.9189
1241,29/11/2010 0:00,-22.66,114.18
1242,5/01/2011 0:00,-33.8333,116.3906
1243,20/05/2011 0:00,-32.0803,115.9153
1244,29/05/2011 13:00,-33.3403,115.6419
1245,30/06/2011 3:10,-32.5294,115.7233
1246,22/07/2011 7:26,-32.3744,115.9964
1247,27/07/2011 14:30,-32.8289,115.8808
1248,15/02/2013 16:20,-32.4049,134.5335
1249,4/07/2013 18:00,-34.6431,135.6974
1250,3/08/2013 12:40,-36.8322,139.8538
1251,21/08/2013 18:00,-34.7251,138.5821
1252,18/11/2013 3:45,-33.7026,151.1123
1253,23/11/2013 4:30,-30.1317,151.4345
1254,23/11/2013 5:00,-30.1817,151.8011
1255,23/11/2013 4:30,-30.0984,151.2511
1256,23/11/2013 4:30,-30.0151,151.6511
1257,26/12/2013 5:00,-36.0984,149.1679
1258,5/01/2012 0:00,-33.1367,116.8414
1259,7/07/2013 8:00,-36.81,144.66
1260,15/07/2013 7:15,-32.3567,149.6679
1261,15/07/2013 7:15,-32.3567,149.6679
1262,23/11/2013 2:00,-38.0833,144.2666
1263,24/10/2013 1:00,-37.9215,145.166
1264,5/12/2013 3:25,-38.0503,145.1651
1265,7/06/2012 4:00,-31.8878,115.8742
1266,3/11/2012 8:05,-33.6614,115.3511
1267,15/01/2013 0:00,-33.5558,115.5608
1268,23/09/2013 0:00,-31.9819,115.8633
1269,23/09/2013 0:00,-31.9819,115.8633
1270,11/12/2011 0:00,-18.1394,125.775
1271,22/11/2014 6:00,-34.1721,142.2486
1272,5/11/2014 6:35,-30.9484,150.2511
1273,4/12/2014 9:05,-34.6556,150.2996
1274,14/07/2014 0:00,0,0
1275,7/09/2014 0:00,-31.98,115.9936
1276,22/11/2014 0:00,-34.1828,142.2154
1277,23/02/2015 4:00,-36.3846,145.4045
1278,28/02/2015 8:00,-37.3415,144.144
1279,9/11/2012 23:00,-42.89,147.3
1280,9/11/2012 23:05,-42.81,147.46
1281,13/02/2015 6:35,-37.4264,143.8863
1282,24/08/2015 6:00,-32.2484,148.6012
1283,22/10/2015 0:00,-31.5651,149.9845
1285,27/10/2015 0:00,-29.6817,148.8012
1286,31/10/2015 6:20,-36.1401,144.5581
1287,1/11/2015 3:30,-36.0527,145.2059
1288,5/11/2015 2:30,-37.6023,144.9428
1289,29/08/2015 5:00,-33.3403,115.6419
1290,10/09/2015 3:00,-34.2967,117.5542
1291,3/12/2015 19:30,-30.7492,121.4656
1292,1/05/2015 0:00,-20.7306,116.8447
1293,4/12/2015 7:30,-30.7492,121.4656
1294,23/04/2013 6:00,-23.5415,147.9697
1295,23/04/2013 7:00,-24.18,149.81
1296,15/11/2013 21:15,-27.34,153.36
1297,11/07/2015 5:15,-35.8318,146.8013
1298,15/12/2015 23:30,-34.0151,151.2012
1299,22/01/2016 5:00,-32.4817,150.9011
1300,30/01/2016 12:30,-35.4294,149.5011
1301,30/01/2016 7:20,-29.4187,153.2849
1302,22/08/2016 1:55,-37.7043,144.5713
1303,22/08/2016 2:05,-37.7841,144.715
1304,22/08/2016 3:10,-36.546,145.9833
1305,21/10/2016 4:35,-33.9126,151.118
1306,21/10/2016 9:00,-33.1373,148.1747
1307,17/12/2014 9:00,-25,152.08
1308,6/12/2014 5:00,-18.44,145.93
1311,26/01/2013 2:50,-24.81,152.46
1312,19/06/2016 7:45,-26.69,153.11
1313,11/11/2016 5:17,-31.9652,141.4513
1314,8/04/2017 16:30,-38.08,145.4801
1316,26/10/2017 5:34,-32.2123,152.3193
1317,5/11/2017 7:30,-29.15,153.2833
1318,16/11/2017 7:30,-34.681,146.271
1319,16/11/2017 8:15,-31.8151,149.1179
1320,5/03/2019 5:20,-36.01,146.02
1322,19/12/2018 8:30,-31.55,150.68
1323,15/12/2019 9:00,-34.0651,151.0846
1324,21/12/2019 8:30,-31.1095,150.9147
1325,21/12/2018 8:30,-31.1095,150.9147
1326,2/10/2017 8:00,-25.4,152.9
1327,2/10/2017 4:00,-24.9,152.35
1328,19/03/1990 0:00,-13.941,143.192
1329,27/12/1990 0:00,-21.084,149.21
1330,26/10/2003 0:00,-27.398,152.783
1331,30/01/2011 13:00,-21.38,149.31
1332,18/03/2012 17:30,-18.63,146.26
1333,19/03/2012 17:00,-19.24,146.77
1334,23/01/2013 13:30,-19.69,147.47
1335,23/01/2013 18:15,-21.29,149.3
1336,26/01/2013 5:00,-24.78,152.42
1337,26/01/2013 6:00,-24.77,152.42
1338,26/01/2013 5:00,-24.98,152.45
1339,26/01/2013 6:10,-25,152.08
1340,26/01/2013 13:50,-25.23,152.59
1341,26/01/2013 17:40,-25.18,152.61
1342,26/01/2013 18:30,-25.27,152.76
1343,12/06/2013 9:30,-28.09,151.78
1344,18/11/2013 17:00,-25.28,152.9
1345,14/10/2015 6:00,-27.47,151.94
1346,20/02/2015 22:30,-26.68,153.11
1347,24/08/2016 7:30,-26.65,153
1348,12/11/2016 7:30,-25.56,152.32
1349,15/01/2017 1:45,-26.8,153.05
1350,17/03/2017 4:00,-27.4,153.1
1351,30/03/2017 0:30,-24.33,151.56
1352,14/10/2017 0:00,-27.9,153
1353,31/12/2017 1:00,-28.05,152
1354,6/12/2014 2:00,-25.29,152.86
1355,14/02/2012 21:30,-21.14,149.2
1356,14/12/2011 9:00,-16.45,145.37
